x,y,z
0.0,0.0,1.0
0.06407021998071291,0.0,0.9979453927503363
0.127877161684506,0.0,0.9917900138232462
0.1911586287013723,0.0,0.9815591569910653
0.25365458390950735,0.0,0.9672948630390295
0.31510821802362066,0.0,0.9490557470106686
0.3752670048793741,0.0,0.9269167573460217
0.4338837391175581,0.0,0.9009688679024191
0.49071755200393785,0.0,0.8713187041233894
0.5455349012105486,0.0,0.8380881048918407
0.5981105304912159,0.0,0.8014136218679567
0.6482283953077884,0.0,0.7614459583691344
0.6956825506034864,0.0,0.7183493500977276
0.7402779970753155,0.0,0.6723008902613169
0.7818314824680298,0.0,0.6234898018587336
0.8201722545969559,0.0,0.5721166601221697
0.8551427630053461,0.0,0.5183925683105252
0.886599306373,0.0,0.4625382902408354
0.9144126230158124,0.0,0.404783343122394
0.9384684220497603,0.0,0.3453650544213078
0.9586678530366606,0.0,0.28452758663103267
0.9749279121818236,0.0,0.22252093395631445
0.9871817834144501,0.0,0.15959989503337932
0.9953791129491982,0.0,0.09602302590768189
0.9994862162006879,0.0,0.03205157757165533
0.9994862162006879,0.0,-0.032051577571654985
0.9953791129491982,0.0,-0.09602302590768154
0.9871817834144502,0.0,-0.15959989503337896
0.9749279121818236,0.0,-0.22252093395631434
0.9586678530366607,0.0,-0.28452758663103234
0.9384684220497604,0.0,-0.3453650544213075
0.9144126230158125,0.0,-0.40478334312239367
0.8865993063730001,0.0,-0.4625382902408351
0.8551427630053462,0.0,-0.518392568310525
0.8201722545969561,0.0,-0.5721166601221694
0.7818314824680299,0.0,-0.6234898018587335
0.7402779970753157,0.0,-0.6723008902613166
0.6956825506034865,0.0,-0.7183493500977275
0.6482283953077888,0.0,-0.7614459583691342
0.5981105304912161,0.0,-0.8014136218679565
0.545534901210549,0.0,-0.8380881048918404
0.49071755200393813,0.0,-0.8713187041233892
0.43388373911755823,0.0,-0.900968867902419
0.3752670048793745,0.0,-0.9269167573460216
0.3151082180236209,0.0,-0.9490557470106686
0.2536545839095078,0.0,-0.9672948630390293
0.19115862870137254,0.0,-0.9815591569910653
0.1278771616845065,0.0,-0.991790013823246
0.06407021998071323,0.0,-0.9979453927503363
1.2246467991473532e-16,0.0,-1.0
0.0,0.0,1.0
0.06354420436032968,0.008193117879635491,0.9979453927503363
0.12682729195475367,0.01635256848048529,0.9917900138232462
0.1895892190021668,0.02444482286983383,0.9815591569910653
0.25157208328194003,0.03243662823861217,0.9672948630390295
0.3125211839094652,0.040295144544323105,0.9490557470106686
0.3721860679567226,0.04798807945782002,0.9269167573460217
0.4303215596170847,0.055483821059414,0.9009688679024191
0.48668876768529507,0.06275156773903254,0.8713187041233894
0.5410560672126732,0.06976145476664233,0.8380881048918407
0.5932000513037121,0.07648467701283086,0.8014136218679567
0.6429064491429322,0.08289360731526192,0.7614459583691344
0.689971006479623,0.08896191000461155,0.7183493500977276
0.7342003249523721,0.09466464912348238,0.6723008902613169
0.7754126568044163,0.09997839089360126,0.6234898018587336
0.8134386517241579,0.10488130001024074,0.5721166601221697
0.8481220527419211,0.10935322936816984,0.5183925683105252
0.8793203383233581,0.11337580285043099,0.4625382902408354
0.9069053080210033,0.11693249083974627,0.404783343122394
0.9307636092774119,0.12000867814226042,0.3453650544213078
0.9507972032151313,0.12259172404450727,0.28452758663103267
0.9669237674994794,0.12467101425681293,0.22252093395631445
0.9790770346186742,0.1262380045296886,0.15959989503337932
0.9872070641912558,0.12728625576398478,0.09602302590768189
0.9912804481818243,0.1278114604705305,0.03205157757165533
0.9912804481818243,0.1278114604705305,-0.032051577571654985
0.9872070641912558,0.12728625576398478,-0.09602302590768154
0.9790770346186743,0.1262380045296886,-0.15959989503337896
0.9669237674994794,0.12467101425681293,-0.22252093395631434
0.9507972032151314,0.12259172404450729,-0.28452758663103234
0.930763609277412,0.12000867814226043,-0.3453650544213075
0.9069053080210034,0.11693249083974629,-0.40478334312239367
0.8793203383233582,0.113375802850431,-0.4625382902408351
0.8481220527419212,0.10935322936816985,-0.518392568310525
0.8134386517241581,0.10488130001024076,-0.5721166601221694
0.7754126568044164,0.09997839089360128,-0.6234898018587335
0.7342003249523723,0.09466464912348241,-0.6723008902613166
0.6899710064796231,0.08896191000461157,-0.7183493500977275
0.6429064491429325,0.08289360731526198,-0.7614459583691342
0.5932000513037123,0.07648467701283089,-0.8014136218679565
0.5410560672126736,0.06976145476664239,-0.8380881048918404
0.48668876768529534,0.06275156773903258,-0.8713187041233892
0.4303215596170848,0.05548382105941401,-0.900968867902419
0.372186067956723,0.04798807945782007,-0.9269167573460216
0.3125211839094654,0.04029514454432313,-0.9490557470106686
0.2515720832819405,0.03243662823861222,-0.9672948630390293
0.18958921900216705,0.024444822869833866,-0.9815591569910653
0.12682729195475417,0.01635256848048535,-0.991790013823246
0.06354420436033,0.008193117879635533,-0.9979453927503363
1.2145924658549477e-16,1.5660435674097883e-17,-1.0
0.0,0.0,1.0
0.06197479466112418,0.01625170499019834,0.9979453927503363
0.12369492159743405,0.03243662823861217,0.9917900138232462
0.1849067595684226,0.048488262423958595,0.9815591569910653
0.24535877600196893,0.06434064793830531,0.9672948630390295
0.30480256059563077,0.07992864392924783,0.9490557470106686
0.36299384608786095,0.0951881959776447,0.9269167573460217
0.4196935120045804,0.11005659931096544,0.9009688679024191
0.47466856725649686,0.12447275647065088,0.8713187041233894
0.5276931075494681,0.1383774283746759,0.8380881048918407
0.5785492436737019,0.15171347774364408,0.8014136218679567
0.6270279968572571,0.16442610389012471,0.7614459583691344
0.672930157504642,0.17646306790643213,0.7183493500977276
0.7160671037917743,0.18777490732550264,0.6723008902613169
0.7562615767535142,0.1983151393727814,0.6234898018587336
0.7933484086787744,0.20804045197391335,0.5721166601221697
0.8271752018200734,0.21691088173334752,0.5183925683105252
0.8576029546285695,0.22488997815250114,0.4625382902408354
0.8845066329412399,0.2319449534126771,0.404783343122394
0.907775683773077,0.23804681710724387,0.3453650544213078
0.927314489603017,0.24317049536943489,0.28452758663103267
0.9430427612868441,0.24729493390624518,0.22252093395631445
0.9548958679825054,0.25040318451503774,0.15959989503337932
0.9628251027321053,0.2524824747273434,0.09602302590768189
0.9667978826092422,0.25352426029367336,0.03205157757165533
0.9667978826092422,0.25352426029367336,-0.032051577571654985
0.9628251027321053,0.2524824747273434,-0.09602302590768154
0.9548958679825054,0.25040318451503774,-0.15959989503337896
0.9430427612868441,0.24729493390624518,-0.22252093395631434
0.9273144896030171,0.2431704953694349,-0.28452758663103234
0.9077756837730772,0.2380468171072439,-0.3453650544213075
0.88450663294124,0.23194495341267712,-0.40478334312239367
0.8576029546285696,0.22488997815250117,-0.4625382902408351
0.8271752018200735,0.21691088173334755,-0.518392568310525
0.7933484086787747,0.2080404519739134,-0.5721166601221694
0.7562615767535144,0.19831513937278142,-0.6234898018587335
0.7160671037917745,0.1877749073255027,-0.6723008902613166
0.6729301575046421,0.17646306790643215,-0.7183493500977275
0.6270279968572574,0.1644261038901248,-0.7614459583691342
0.5785492436737021,0.15171347774364413,-0.8014136218679565
0.5276931075494685,0.138377428374676,-0.8380881048918404
0.47466856725649714,0.12447275647065095,-0.8713187041233892
0.4196935120045805,0.11005659931096547,-0.900968867902419
0.36299384608786134,0.0951881959776448,-0.9269167573460216
0.304802560595631,0.07992864392924788,-0.9490557470106686
0.24535877600196934,0.06434064793830542,-0.9672948630390293
0.18490675956842284,0.048488262423958664,-0.9815591569910653
0.12369492159743453,0.03243662823861229,-0.991790013823246
0.061974794661124495,0.01625170499019842,-0.9979453927503363
1.1845945578524248e-16,3.106372742738319e-17,-1.0
0.0,0.0,1.0
0.059387760546968704,0.024043439554124763,0.9979453927503363
0.11853148404721524,0.04798807945782002,0.9917900138232462
0.17718813625458818,0.07173552604961234,0.9815591569910653
0.23511668440335493,0.0951881959776447,0.9672948630390295
0.2920790876635377,0.11824971719060093,0.9490557470106686
0.34784127530174314,0.14082532495113617,0.9269167573460217
0.4021741085280142,0.16282225124450975,0.9009688679024191
0.45485432207626786,0.18415010598225626,0.8713187041233894
0.505665441649164,0.2047212484344478,0.8380881048918407
0.5543986734574267,0.22445114736425215,0.8014136218679567
0.6008537621983103,0.24325872838491666,0.7614459583691344
0.6448398139475933,0.26106670711181396,0.7183493500977276
0.6861760805836592,0.2778019067405557,0.6723008902613169
0.7246927025202993,0.2933955587461784,0.6234898018587336
0.760231406696186,0.3077835854677631,0.5721166601221697
0.7926461569528329,0.32090686341728863,0.5183925683105252
0.8218037541284933,0.3327114662307263,0.4625382902408354
0.8475843834020871,0.34314888626303613,0.404783343122394
0.8698821066380016,0.3521762339164859,0.3453650544213078
0.888605297708614,0.35975641388320756,0.28452758663103267
0.903677019005703,0.3658582775777744,0.22252093395631445
0.9150353375935848,0.37045675113341964,0.15959989503337932
0.9226335797048304,0.3735329384359338,0.09602302590768189
0.9264405225327864,0.37507419877185066,0.03205157757165533
0.9264405225327864,0.37507419877185066,-0.032051577571654985
0.9226335797048304,0.3735329384359338,-0.09602302590768154
0.9150353375935849,0.3704567511334197,-0.15959989503337896
0.903677019005703,0.3658582775777744,-0.22252093395631434
0.8886052977086141,0.3597564138832076,-0.28452758663103234
0.8698821066380017,0.35217623391648595,-0.3453650544213075
0.8475843834020871,0.3431488862630362,-0.40478334312239367
0.8218037541284934,0.33271146623072634,-0.4625382902408351
0.792646156952833,0.3209068634172887,-0.518392568310525
0.7602314066961863,0.3077835854677632,-0.5721166601221694
0.7246927025202994,0.29339555874617845,-0.6234898018587335
0.6861760805836594,0.27780190674055577,-0.6723008902613166
0.6448398139475934,0.26106670711181396,-0.7183493500977275
0.6008537621983107,0.2432587283849168,-0.7614459583691342
0.5543986734574269,0.22445114736425223,-0.8014136218679565
0.5056654416491644,0.20472124843444797,-0.8380881048918404
0.45485432207626814,0.18415010598225637,-0.8713187041233892
0.40217410852801433,0.1628222512445098,-0.900968867902419
0.3478412753017435,0.1408253249511363,-0.9269167573460216
0.2920790876635379,0.11824971719060101,-0.9490557470106686
0.23511668440335534,0.09518819597764487,-0.9672948630390293
0.1771881362545884,0.07173552604961243,-0.9815591569910653
0.1185314840472157,0.04798807945782021,-0.991790013823246
0.059387760546969,0.024043439554124885,-0.9979453927503363
1.1351456399598494e-16,4.5956953635113964e-17,-1.0
0.0,0.0,1.0
0.055825581046495265,0.031440381505289224,0.9979453927503363
0.11142176280592091,0.06275156773903254,0.9917900138232462
0.16656008864208385,0.09380489432076711,0.9815591569910653
0.2210139833469895,0.12447275647065088,0.9672948630390295
0.27455968418697163,0.15462913336487424,0.9490557470106686
0.3269771603917619,0.18415010598225626,0.9269167573460217
0.3780510173081215,0.21291436631408334,0.9009688679024191
0.4275713815026731,0.24080371584473745,0.8713187041233894
0.47533476317685647,0.2677035512547505,0.8380881048918407
0.5211448923501592,0.2935033353504261,0.8014136218679567
0.5648135253755664,0.31809705128487886,0.7614459583691344
0.606161218473084,0.3413836382039985,0.7183493500977276
0.6450180651027222,0.3632674065271771,0.6723008902613169
0.6812243941469122,0.38365843115632126,0.6234898018587336
0.7146314260333781,0.40247292099736864,0.5721166601221697
0.7451018841023128,0.41963356327586704,0.5183925683105252
0.7725105587056182,0.43506984123174786,0.4625382902408354
0.7967448217202071,0.4487183238878191,0.404783343122394
0.8177050893611193,0.4605229267012568,0.3453650544213078
0.835305231392655,0.4704351420270209,0.28452758663103267
0.8494729250559881,0.4784142384461746,0.22252093395631445
0.8601499522588951,0.4844274281400205,0.15959989503337932
0.8672924388063843,0.4884500016222817,0.09602302590768189
0.8708710346891732,0.49046542927568015,0.03205157757165533
0.8708710346891732,0.49046542927568015,-0.032051577571654985
0.8672924388063843,0.4884500016222817,-0.09602302590768154
0.8601499522588952,0.48442742814002054,-0.15959989503337896
0.8494729250559881,0.4784142384461746,-0.22252093395631434
0.8353052313926551,0.47043514202702097,-0.28452758663103234
0.8177050893611194,0.46052292670125683,-0.3453650544213075
0.7967448217202071,0.4487183238878192,-0.40478334312239367
0.7725105587056184,0.4350698412317479,-0.4625382902408351
0.7451018841023129,0.4196335632758671,-0.518392568310525
0.7146314260333784,0.40247292099736875,-0.5721166601221694
0.6812243941469123,0.3836584311563213,-0.6234898018587335
0.6450180651027223,0.3632674065271772,-0.6723008902613166
0.6061612184730841,0.34138363820399853,-0.7183493500977275
0.5648135253755667,0.31809705128487903,-0.7614459583691342
0.5211448923501594,0.29350333535042616,-0.8014136218679565
0.47533476317685686,0.2677035512547507,-0.8380881048918404
0.4275713815026733,0.2408037158447376,-0.8713187041233892
0.3780510173081216,0.2129143663140834,-0.900968867902419
0.3269771603917622,0.18415010598225645,-0.9269167573460216
0.2745596841869718,0.15462913336487435,-0.9490557470106686
0.22101398334698988,0.1244727564706511,-0.9672948630390293
0.16656008864208408,0.09380489432076723,-0.9815591569910653
0.11142176280592135,0.06275156773903279,-0.991790013823246
0.05582558104649554,0.03144038150528938,-0.9979453927503363
1.0670576620419285e-16,6.009556793470474e-17,-1.0
0.0,0.0,1.0
0.05134674704861986,0.038321073261353096,0.9979453927503363
0.10248249929977425,0.07648467701283086,0.9917900138232462
0.15319712897887872,0.11433398882055115,0.9815591569910653
0.20328223879432783,0.15171347774364408,0.9672948630390295
0.2525320182866676,0.18846954344424946,0.9490557470106686
0.30074408954791937,0.22445114736425215,0.9269167573460217
0.34772033883581394,0.259510433375115,0.9009688679024191
0.39326773066565324,0.2935033353504261,0.8713187041233894
0.4371991010345237,0.32629016916451425,0.8380881048918407
0.4793339265183303,0.3577362066844837,0.8014136218679567
0.5194990660812683,0.38771222939701094,0.7614459583691344
0.5575294725494782,0.41609505939493335,0.7183493500977276
0.5932688708252852,0.4427680655416917,0.6723008902613169
0.6265704000550977,0.46762164273368706,0.6234898018587336
0.6572972171121543,0.4905536622911618,0.5721166601221697
0.6853230589142861,0.5114698916268516,0.5183925683105252
0.7105327612660042,0.530284381467899,0.4625382902408354
0.7328227320928807,0.5469198190398518,0.404783343122394
0.7521013771236047,0.5613078457614364,0.3453650544213078
0.7682894762704882,0.573389338144632,0.28452758663103267
0.7813205091618005,0.5831146507457641,0.22252093395631445
0.7911409284882432,0.5904438201692813,0.15959989503337932
0.7977103800403309,0.5953467292859208,0.09602302590768189
0.8010018685324929,0.5978032309904515,0.03205157757165533
0.8010018685324929,0.5978032309904515,-0.032051577571654985
0.7977103800403309,0.5953467292859208,-0.09602302590768154
0.7911409284882434,0.5904438201692813,-0.15959989503337896
0.7813205091618005,0.5831146507457641,-0.22252093395631434
0.7682894762704883,0.5733893381446321,-0.28452758663103234
0.7521013771236047,0.5613078457614364,-0.3453650544213075
0.7328227320928808,0.5469198190398518,-0.40478334312239367
0.7105327612660042,0.5302843814678991,-0.4625382902408351
0.6853230589142862,0.5114698916268517,-0.518392568310525
0.6572972171121545,0.490553662291162,-0.5721166601221694
0.6265704000550978,0.4676216427336871,-0.6234898018587335
0.5932688708252855,0.44276806554169185,-0.6723008902613166
0.5575294725494782,0.41609505939493346,-0.7183493500977275
0.5194990660812686,0.3877122293970111,-0.7614459583691342
0.47933392651833046,0.3577362066844838,-0.8014136218679565
0.4371991010345241,0.32629016916451453,-0.8380881048918404
0.39326773066565346,0.2935033353504263,-0.8713187041233892
0.347720338835814,0.2595104333751151,-0.900968867902419
0.3007440895479197,0.22445114736425237,-0.9269167573460216
0.25253201828666777,0.1884695434442496,-0.9490557470106686
0.2032822387943282,0.15171347774364433,-0.9672948630390293
0.1531971289788789,0.11433398882055129,-0.9815591569910653
0.10248249929977465,0.07648467701283117,-0.991790013823246
0.05134674704862012,0.03832107326135329,-0.9979453927503363
9.814486268136805e-17,7.32474146702393e-17,-1.0
0.0,0.0,1.0
0.04602480088376356,0.04457253405390881,0.9979453927503363
0.09186047598840692,0.08896191000461155,0.9917900138232462
0.1373186766932036,0.1329857223848355,0.9815591569910653
0.18221260550070412,0.17646306790643213,0.9672948630390295
0.22635778362772097,0.2192152888307919,0.9490557470106686
0.2695728090682192,0.26106670711181396,0.9269167573460217
0.3116801020130699,0.3018453462946805,0.9009688679024191
0.3525066345635766,0.3413836382039985,0.8713187041233894
0.39188464174022564,0.37951911151737544,0.8380881048918407
0.429652310864972,0.41609505939493335,0.8014136218679567
0.46565444648424265,0.4509611834213273,0.7614459583691344
0.49974310810034395,0.4839742112141724,0.7183493500977276
0.5317782180907004,0.5149984851609957,0.6723008902613169
0.5616281373168521,0.5439065198654639,0.6234898018587336
0.5891702060579113,0.5705795260122223,0.5721166601221697
0.6142912480456655,0.5949078984976719,0.5183925683105252
0.6368880355301406,0.6167916668208505,0.4625382902408354
0.6568677134645672,0.6361409058836646,0.404783343122394
0.6741481810666853,0.6528761055124064,0.3453650544213078
0.688658429188469,0.6669284971821122,0.28452758663103267
0.7003388321079475,0.6782403366011829,0.22252093395631445
0.7091413925440859,0.6867651409950631,0.15959989503337932
0.7150299388879091,0.692467880113934,0.09602302590768189
0.717980273839401,0.6953251201795222,0.03205157757165533
0.717980273839401,0.6953251201795222,-0.032051577571654985
0.7150299388879091,0.692467880113934,-0.09602302590768154
0.7091413925440859,0.6867651409950631,-0.15959989503337896
0.7003388321079475,0.6782403366011829,-0.22252093395631434
0.6886584291884691,0.6669284971821123,-0.28452758663103234
0.6741481810666854,0.6528761055124065,-0.3453650544213075
0.6568677134645673,0.6361409058836647,-0.40478334312239367
0.6368880355301407,0.6167916668208506,-0.4625382902408351
0.6142912480456655,0.5949078984976719,-0.518392568310525
0.5891702060579114,0.5705795260122224,-0.5721166601221694
0.5616281373168522,0.543906519865464,-0.6234898018587335
0.5317782180907006,0.5149984851609959,-0.6723008902613166
0.499743108100344,0.48397421121417245,-0.7183493500977275
0.4656544464842429,0.4509611834213275,-0.7614459583691342
0.4296523108649722,0.4160950593949335,-0.8014136218679565
0.3918846417402259,0.3795191115173757,-0.8380881048918404
0.3525066345635768,0.34138363820399864,-0.8713187041233892
0.31168010201306995,0.30184534629468057,-0.900968867902419
0.26957280906821945,0.26106670711181423,-0.9269167573460216
0.2263577836277211,0.21921528883079205,-0.9490557470106686
0.18221260550070442,0.17646306790643243,-0.9672948630390293
0.13731867669320377,0.13298572238483566,-0.9815591569910653
0.09186047598840727,0.0889619100046119,-0.991790013823246
0.04602480088376379,0.044572534053909034,-0.9979453927503363
8.797242322667635e-17,8.519654088192262e-17,-1.0
0.0,0.0,1.0
0.03994712876082017,0.05009211506957356,0.9979453927503363
0.07973010620092988,0.09997839089360126,0.9917900138232462
0.11918545553260583,0.14945383406414958,0.9815591569910653
0.15815104626229826,0.1983151393727814,0.9672948630390295
0.19646676041960587,0.2463615252352665,0.9490557470106686
0.23397515051636136,0.2933955587461784,0.9269167573460217
0.2705220865321328,0.33922396697305235,0.9009688679024191
0.305957389267538,0.38365843115632126,0.8713187041233894
0.34013544746278873,0.4265163605514934,0.8380881048918407
0.3729158161455902,0.46762164273368706,0.8014136218679567
0.40416379374965783,0.5068053672813603,0.7614459583691344
0.43375097563234616,0.5439065198654639,0.7183493500977276
0.4615557817168686,0.5787726438918578,0.6723008902613169
0.48746395609091187,0.6112604669781572,0.6234898018587336
0.5113690365086868,0.6412364896906844,0.5721166601221697
0.5331727918671332,0.6685775341222768,0.5183925683105252
0.5527856258585924,0.6931712500567295,0.4625382902408354
0.5701269451412537,0.7149165766399322,0.404783343122394
0.5851254905144835,0.7337241576605968,0.3453650544213078
0.5977196297381651,0.7495167087340957,0.28452758663103267
0.607857610792794,0.7622293348805763,0.22252093395631445
0.6154977745396267,0.771809797192353,0.15959989503337932
0.6206087259070177,0.7782187274947842,0.09602302590768189
0.6231694628995023,0.7814297901185455,0.03205157757165533
0.6231694628995023,0.7814297901185455,-0.032051577571654985
0.6206087259070177,0.7782187274947842,-0.09602302590768154
0.6154977745396268,0.7718097971923531,-0.15959989503337896
0.607857610792794,0.7622293348805763,-0.22252093395631434
0.5977196297381651,0.7495167087340957,-0.28452758663103234
0.5851254905144835,0.7337241576605968,-0.3453650544213075
0.5701269451412538,0.7149165766399324,-0.40478334312239367
0.5527856258585925,0.6931712500567296,-0.4625382902408351
0.5331727918671333,0.6685775341222769,-0.518392568310525
0.5113690365086869,0.6412364896906846,-0.5721166601221694
0.4874639560909119,0.6112604669781573,-0.6234898018587335
0.4615557817168688,0.5787726438918579,-0.6723008902613166
0.4337509756323462,0.543906519865464,-0.7183493500977275
0.40416379374965805,0.5068053672813605,-0.7614459583691342
0.3729158161455904,0.4676216427336872,-0.8014136218679565
0.340135447462789,0.4265163605514937,-0.8380881048918404
0.3059573892675382,0.3836584311563215,-0.8713187041233892
0.27052208653213283,0.33922396697305246,-0.900968867902419
0.2339751505163616,0.29339555874617873,-0.9269167573460216
0.196466760419606,0.24636152523526667,-0.9490557470106686
0.15815104626229853,0.19831513937278172,-0.9672948630390293
0.119185455532606,0.14945383406414978,-0.9815591569910653
0.0797301062009302,0.09997839089360165,-0.991790013823246
0.03994712876082036,0.05009211506957381,-0.9979453927503363
7.635547901473156e-17,9.574674224771027e-17,-1.0
0.0,0.0,1.0
0.033213525888022094,0.054789184940667174,0.9979453927503363
0.06629057027389135,0.10935322936816984,0.9917900138232462
0.09909521248722244,0.16346791792000456,0.9815591569910653
0.13149265121658713,0.21691088173334752,0.9672948630390295
0.16334975843701763,0.26946251220641,0.9490557470106686
0.19453562646161712,0.32090686341728863,0.9269167573460217
0.22492210586932482,0.3710325394920794,0.9009688679024191
0.254384332098375,0.41963356327586704,0.8713187041233894
0.2828012385415649,0.4665102227370371,0.8380881048918407
0.31005605403491204,0.5114698916268516,0.8014136218679567
0.3360367826954148,0.5543278210220239,0.7614459583691344
0.3606366641361582,0.5949078984976719,0.7183493500977276
0.3837546121676442,0.6330433718110487,0.6723008902613169
0.4052956301826273,0.6685775341222768,0.6234898018587336
0.4251712015175499,0.701364367936365,0.5721166601221697
0.4432996531865001,0.7312691451204175,0.5183925683105252
0.4596064914930296,0.7581689805304306,0.4625382902408354
0.474024708140731,0.7819533369727077,0.404783343122394
0.48649505558470113,0.8025244794248994,0.3453650544213078
0.4969662904924116,0.819797876650173,0.28452758663103267
0.5053953843135537,0.833702548554198,0.22252093395631445
0.5117477000935814,0.844181357857578,0.15959989503337932
0.5159971348043871,0.8511912448851878,0.09602302590768189
0.5181262266072434,0.854703404507615,0.03205157757165533
0.5181262266072434,0.854703404507615,-0.032051577571654985
0.5159971348043871,0.8511912448851878,-0.09602302590768154
0.5117477000935814,0.8441813578575781,-0.15959989503337896
0.5053953843135537,0.833702548554198,-0.22252093395631434
0.49696629049241164,0.8197978766501731,-0.28452758663103234
0.4864950555847012,0.8025244794248994,-0.3453650544213075
0.47402470814073105,0.7819533369727079,-0.40478334312239367
0.4596064914930297,0.7581689805304307,-0.4625382902408351
0.44329965318650016,0.7312691451204176,-0.518392568310525
0.42517120151755,0.7013643679363651,-0.5721166601221694
0.4052956301826274,0.6685775341222769,-0.6234898018587335
0.38375461216764434,0.633043371811049,-0.6723008902613166
0.36063666413615825,0.5949078984976719,-0.7183493500977275
0.336036782695415,0.5543278210220242,-0.7614459583691342
0.31005605403491215,0.5114698916268519,-0.8014136218679565
0.28280123854156514,0.4665102227370374,-0.8380881048918404
0.2543843320983752,0.41963356327586726,-0.8713187041233892
0.22492210586932487,0.3710325394920795,-0.900968867902419
0.19453562646161732,0.32090686341728897,-0.9269167573460216
0.16334975843701774,0.26946251220641015,-0.9490557470106686
0.13149265121658735,0.21691088173334788,-0.9672948630390293
0.09909521248722258,0.16346791792000476,-0.9815591569910653
0.06629057027389161,0.10935322936817027,-0.991790013823246
0.03321352588802226,0.054789184940667444,-0.9979453927503363
6.348477994832602e-17,1.0472478475285208e-16,-1.0
0.0,0.0,1.0
0.025934557838380178,0.058586617909763807,0.9979453927503363
0.051762545015657246,0.11693249083974627,0.9917900138232462
0.07737782879243389,0.1747978630829276,0.9815591569910653
0.1026751504732102,0.2319449534126771,0.9672948630390295
0.12755055793694137,0.28813893217681746,0.9490557470106686
0.15190183279860078,0.34314888626303613,0.9269167573460217
0.17562891044644982,0.39674876797039477,0.9009688679024191
0.1986342912289912,0.4487183238878191,0.8713187041233894
0.22082344110195082,0.4988439999626098,0.8380881048918407
0.24210518008894294,0.5469198190398518,0.8014136218679567
0.26239205695955137,0.5927482272667257,0.7614459583691344
0.28160070858519326,0.6361409058836646,0.7183493500977276
0.29965220249609603,0.6769195450665312,0.6723008902613169
0.3164723612317465,0.7149165766399322,0.6234898018587336
0.3319920671519871,0.7499758626507951,0.5721166601221697
0.3461475464562251,0.7819533369727077,0.5183925683105252
0.3588806312436586,0.8107175973045347,0.4625382902408354
0.3701389985376579,0.8361504451306582,0.404783343122394
0.3798763852920998,0.8581473714240319,0.3453650544213078
0.3880527784961474,0.8766179860961901,0.28452758663103267
0.39463457959629433,0.891486389429511,0.22252093395631445
0.3995947425600282,0.9026914839654349,0.15959989503337932
0.4029128850137795,0.9101872255670289,0.09602302590768189
0.4045753719984663,0.9139428126242204,0.03205157757165533
0.4045753719984663,0.9139428126242204,-0.032051577571654985
0.4029128850137795,0.9101872255670289,-0.09602302590768154
0.39959474256002825,0.902691483965435,-0.15959989503337896
0.39463457959629433,0.891486389429511,-0.22252093395631434
0.3880527784961474,0.8766179860961902,-0.28452758663103234
0.3798763852920998,0.8581473714240319,-0.3453650544213075
0.37013899853765797,0.8361504451306583,-0.40478334312239367
0.3588806312436586,0.8107175973045349,-0.4625382902408351
0.3461475464562251,0.7819533369727079,-0.518392568310525
0.33199206715198715,0.7499758626507953,-0.5721166601221694
0.31647236123174655,0.7149165766399324,-0.6234898018587335
0.2996522024960961,0.6769195450665313,-0.6723008902613166
0.2816007085851933,0.6361409058836647,-0.7183493500977275
0.26239205695955153,0.592748227266726,-0.7614459583691342
0.24210518008894302,0.546919819039852,-0.8014136218679565
0.22082344110195098,0.49884399996261025,-0.8380881048918404
0.19863429122899132,0.4487183238878194,-0.8713187041233892
0.17562891044644985,0.3967487679703949,-0.900968867902419
0.15190183279860095,0.34314888626303647,-0.9269167573460216
0.12755055793694148,0.28813893217681763,-0.9490557470106686
0.10267515047321037,0.23194495341267748,-0.9672948630390293
0.07737782879243399,0.17479786308292783,-0.9815591569910653
0.05176254501565745,0.11693249083974673,-0.991790013823246
0.025934557838380307,0.0585866179097641,-0.9979453927503363
4.957166255030046e-17,1.11983249187625e-16,-1.0
0.0,0.0,1.0
0.018229745066031613,0.0614220602324966,0.9979453927503363
0.03638458019931885,0.12259172404450727,0.9917900138232462
0.05438990328809911,0.18325763216657673,0.9815591569910653
0.07217172659767089,0.24317049536943489,0.9672948630390295
0.08965698080186606,0.3020841188469124,0.9490557470106686
0.10677381524058427,0.35975641388320756,0.9269167573460217
0.1234518931695674,0.415950392647348,0.9009688679024191
0.1396226807891687,0.4704351420270209,0.8713187041233894
0.15521972886443622,0.5229867725000833,0.8380881048918407
0.17017894577927234,0.573389338144632,0.8014136218679567
0.18443886090263206,0.6214357240071172,0.7614459583691344
0.19794087718453124,0.6669284971821122,0.7183493500977276
0.21062951194389418,0.709680718106472,0.6723008902613169
0.22245262485879105,0.7495167087340957,0.6234898018587336
0.23336163222220474,0.786272774434701,0.5721166601221697
0.24331170658290424,0.819797876650173,0.5183925683105252
0.25226196095105724,0.8499542535443964,0.4625382902408354
0.26017561681164136,0.8766179860961901,0.404783343122394
0.2670201552552517,0.8996795073091464,0.3453650544213078
0.2727674506052745,0.9190440524459202,0.28452758663103267
0.2773938859923256,0.9346320484368628,0.22252093395631445
0.28088045040103227,0.9463794408628325,0.15959989503337932
0.28321281679037347,0.9542379571685435,0.09602302590768189
0.2843814009665643,0.958175305024849,0.03205157757165533
0.2843814009665643,0.958175305024849,-0.032051577571654985
0.28321281679037347,0.9542379571685435,-0.09602302590768154
0.2808804504010323,0.9463794408628327,-0.15959989503337896
0.2773938859923256,0.9346320484368628,-0.22252093395631434
0.2727674506052746,0.9190440524459204,-0.28452758663103234
0.26702015525525175,0.8996795073091465,-0.3453650544213075
0.2601756168116414,0.8766179860961902,-0.40478334312239367
0.25226196095105724,0.8499542535443965,-0.4625382902408351
0.24331170658290427,0.8197978766501731,-0.518392568310525
0.2333616322222048,0.7862727744347012,-0.5721166601221694
0.22245262485879108,0.7495167087340958,-0.6234898018587335
0.21062951194389423,0.7096807181064723,-0.6723008902613166
0.19794087718453127,0.6669284971821123,-0.7183493500977275
0.18443886090263215,0.6214357240071176,-0.7614459583691342
0.1701789457792724,0.5733893381446322,-0.8014136218679565
0.15521972886443633,0.5229867725000837,-0.8380881048918404
0.13962268078916878,0.4704351420270212,-0.8713187041233892
0.12345189316956742,0.41595039264734807,-0.900968867902419
0.10677381524058438,0.35975641388320795,-0.9269167573460216
0.08965698080186613,0.30208411884691255,-0.9490557470106686
0.07217172659767103,0.2431704953694353,-0.9672948630390293
0.05438990328809919,0.18325763216657698,-0.9815591569910653
0.03638458019931899,0.12259172404450776,-0.991790013823246
0.018229745066031703,0.061422060232496904,-0.9979453927503363
3.484457982368154e-17,1.1740295176668117e-16,-1.0
0.0,0.0,1.0
0.010225600383687304,0.06324895402431631,0.9979453927503363
0.020409181582013634,0.1262380045296886,0.9917900138232462
0.03050889707546375,0.18870831599648138,0.9815591569910653
0.04048324496669288,0.25040318451503774,0.9672948630390295
0.05029123852072506,0.3110690926371072,0.9490557470106686
0.059892574588238746,0.37045675113341964,0.9269167573460217
0.06924779921985241,0.428322123376601,0.9009688679024191
0.07831846979086533,0.4844274281400205,0.8713187041233894
0.08706731297024851,0.5385421166918551,0.8380881048918407
0.09545837788475688,0.5904438201692813,0.8014136218679567
0.10345718384877894,0.6399192633398297,0.7614459583691344
0.11103086205287002,0.6867651409950631,0.7183493500977276
0.11814829062874063,0.730788953375287,0.6723008902613169
0.1247802225356889,0.771809797192353,0.6234898018587336
0.13089940574296421,0.8096591090000733,0.5721166601221697
0.1364806952142072,0.844181357857578,0.5183925683105252
0.14150115623379772,0.8752346844393125,0.4625382902408354
0.1459401586505207,0.9026914839654349,0.404783343122394
0.14977946165128286,0.9264389305572273,0.3453650544213078
0.15300328871652613,0.9463794408628325,0.28452758663103267
0.1555983924493307,0.962431075048179,0.22252093395631445
0.15755410901181044,0.9745278735053342,0.15959989503337932
0.15886240194511025,0.9826201278946828,0.09602302590768189
0.15951789519293927,0.9866745854071557,0.03205157757165533
0.15951789519293927,0.9866745854071557,-0.032051577571654985
0.15886240194511025,0.9826201278946828,-0.09602302590768154
0.15755410901181044,0.9745278735053343,-0.15959989503337896
0.1555983924493307,0.962431075048179,-0.22252093395631434
0.15300328871652616,0.9463794408628327,-0.28452758663103234
0.1497794616512829,0.9264389305572274,-0.3453650544213075
0.14594015865052073,0.902691483965435,-0.40478334312239367
0.14150115623379772,0.8752346844393126,-0.4625382902408351
0.13648069521420722,0.8441813578575781,-0.518392568310525
0.13089940574296424,0.8096591090000735,-0.5721166601221694
0.12478022253568892,0.7718097971923531,-0.6234898018587335
0.11814829062874067,0.7307889533752873,-0.6723008902613166
0.11103086205287004,0.6867651409950633,-0.7183493500977275
0.103457183848779,0.6399192633398301,-0.7614459583691342
0.0954583778847569,0.5904438201692815,-0.8014136218679565
0.08706731297024858,0.5385421166918556,-0.8380881048918404
0.07831846979086539,0.48442742814002077,-0.8713187041233892
0.06924779921985243,0.42832212337660114,-0.900968867902419
0.05989257458823881,0.37045675113342,-0.9269167573460216
0.0502912385207251,0.3110690926371074,-0.9490557470106686
0.04048324496669295,0.2504031845150382,-0.9672948630390293
0.030508897075463788,0.18870831599648163,-0.9815591569910653
0.020409181582013713,0.1262380045296891,-0.991790013823246
0.010225600383687354,0.06324895402431661,-0.9979453927503363
1.9545350059688153e-17,1.208949011235082e-16,-1.0
0.0,0.0,1.0
0.002053551625744841,0.06403730173966846,0.9979453927503363
0.004098664767374055,0.1278114604705305,0.9917900138232462
0.006126935616313293,0.19106041449484681,0.9815591569910653
0.008130029572581531,0.25352426029367336,0.9672948630390295
0.010099715493450158,0.31494632052617,0.9490557470106686
0.012027899516974019,0.37507419877185066,0.9269167573460217
0.013906658321406279,0.43366081668161455,0.9009688679024191
0.015728271683827025,0.49046542927568015,0.8713187041233894
0.017485254204195225,0.5452546142163472,0.8380881048918407
0.019170386064463127,0.5978032309904515,0.8014136218679567
0.020776742696357237,0.6478953460600252,0.7614459583691344
0.02229772323591468,0.6953251201795222,0.7183493500977276
0.023727077647849114,0.739897654233431,0.6723008902613169
0.02505893240828634,0.7814297901185455,0.6234898018587336
0.02628781464033378,0.8197508633798987,0.5721166601221697
0.02740867460330552,0.854703404507615,0.5183925683105252
0.02841690644319002,0.8861437860129042,0.4625382902408354
0.029308367119092134,0.9139428126242204,0.404783343122394
0.03007939342787687,0.9379862521783452,0.3453650544213078
0.0307268170570568,0.958175305024849,0.28452758663103267
0.0312479776040677,0.9744270100150474,0.22252093395631445
0.0316407335084333,0.9866745854071557,0.15959989503337932
0.0319034708518967,0.9948677032867913,0.09602302590768189
0.03203510999035662,0.9989726963751682,0.03205157757165533
0.03203510999035662,0.9989726963751682,-0.032051577571654985
0.0319034708518967,0.9948677032867913,-0.09602302590768154
0.0316407335084333,0.9866745854071558,-0.15959989503337896
0.0312479776040677,0.9744270100150474,-0.22252093395631434
0.030726817057056804,0.9581753050248492,-0.28452758663103234
0.030079393427876872,0.9379862521783453,-0.3453650544213075
0.029308367119092137,0.9139428126242205,-0.40478334312239367
0.028416906443190025,0.8861437860129043,-0.4625382902408351
0.027408674603305525,0.8547034045076151,-0.518392568310525
0.026287814640333786,0.8197508633798989,-0.5721166601221694
0.025058932408286348,0.7814297901185456,-0.6234898018587335
0.02372707764784912,0.7398976542334312,-0.6723008902613166
0.022297723235914682,0.6953251201795223,-0.7183493500977275
0.020776742696357247,0.6478953460600255,-0.7614459583691342
0.019170386064463134,0.5978032309904517,-0.8014136218679565
0.01748525420419524,0.5452546142163477,-0.8380881048918404
0.01572827168382703,0.49046542927568043,-0.8713187041233892
0.013906658321406282,0.43366081668161466,-0.900968867902419
0.012027899516974031,0.37507419877185105,-0.9269167573460216
0.010099715493450165,0.3149463205261702,-0.9490557470106686
0.008130029572581545,0.2535242602936738,-0.9672948630390293
0.006126935616313302,0.19106041449484706,-0.9815591569910653
0.004098664767374071,0.127811460470531,-0.991790013823246
0.0020535516257448516,0.06403730173966878,-0.9979453927503363
3.92518618807508e-18,1.2240175954620718e-16,-1.0
-0.0,0.0,1.0
-0.006152216393118851,0.06377415873086202,0.9979453927503363
-0.0122791520094321,0.12728625576398478,0.9917900138232462
-0.018355629956268747,0.1902753062693571,0.9815591569910653
-0.024356680682344804,0.2524824747273434,0.9672948630390295
-0.030257644583005488,0.3136521385393541,0.9490557470106686
-0.036034273331830194,0.3735329384359338,0.9269167573460217
-0.04166282952220702,0.4318788113659163,0.9009688679024191
-0.047120184209428186,0.4884500016222817,0.8713187041233894
-0.052383911952485,0.5430140460497843,0.8380881048918407
-0.05743238296501517,0.5953467292859208,0.8014136218679567
-0.062244851996734595,0.6452330051099486,0.7614459583691344
-0.06680154358012054,0.692467880113934,0.7183493500977276
-0.07108373329204962,0.7368572560646367,0.6723008902613169
-0.07507382469646869,0.7782187274947842,0.6234898018587336
-0.07875542165192508,0.8163823312462619,0.5721166601221697
-0.08211339568682872,0.8511912448851878,0.5183925683105252
-0.08513394816558706,0.8825024311189311,0.4625382902408354
-0.08780466699015839,0.9101872255670289,0.404783343122394
-0.09011457760402515,0.9341318654707242,0.3453650544213078
-0.09205418808900069,0.9542379571685435,0.28452758663103267
-0.09361552816955712,0.9704228804169575,0.22252093395631445
-0.09479218196439701,0.9826201278946828,0.15959989503337932
-0.09557931435068594,0.9907795784955328,0.09602302590768189
-0.09597369083260925,0.9948677032867913,0.03205157757165533
-0.09597369083260925,0.9948677032867913,-0.032051577571654985
-0.09557931435068594,0.9907795784955328,-0.09602302590768154
-0.09479218196439701,0.9826201278946829,-0.15959989503337896
-0.09361552816955712,0.9704228804169575,-0.22252093395631434
-0.0920541880890007,0.9542379571685436,-0.28452758663103234
-0.09011457760402516,0.9341318654707244,-0.3453650544213075
-0.08780466699015839,0.910187225567029,-0.40478334312239367
-0.08513394816558707,0.8825024311189312,-0.4625382902408351
-0.08211339568682874,0.8511912448851879,-0.518392568310525
-0.07875542165192509,0.8163823312462621,-0.5721166601221694
-0.0750738246964687,0.7782187274947843,-0.6234898018587335
-0.07108373329204964,0.7368572560646369,-0.6723008902613166
-0.06680154358012055,0.6924678801139341,-0.7183493500977275
-0.06224485199673463,0.645233005109949,-0.7614459583691342
-0.05743238296501519,0.595346729285921,-0.8014136218679565
-0.05238391195248504,0.5430140460497848,-0.8380881048918404
-0.04712018420942821,0.48845000162228197,-0.8713187041233892
-0.04166282952220703,0.43187881136591644,-0.900968867902419
-0.03603427333183023,0.3735329384359342,-0.9269167573460216
-0.030257644583005512,0.3136521385393543,-0.9490557470106686
-0.024356680682344846,0.2524824747273438,-0.9672948630390293
-0.01835562995626877,0.19027530626935735,-0.9815591569910653
-0.012279152009432148,0.12728625576398528,-0.991790013823246
-0.006152216393118882,0.06377415873086233,-0.9979453927503363
-1.1759429132228557e-17,1.2189878446113675e-16,-1.0
-0.0,0.0,1.0
-0.014256965188894749,0.0624638457988266,0.9979453927503363
-0.02845534544971889,0.12467101425681293,0.9917900138232462
-0.04253679659243768,0.1863658827753693,0.9815591569910653
-0.05644345491384388,0.24729493390624518,0.9672948630390295
-0.07011817497192599,0.3072077971091034,0.9490557470106686
-0.08350476440874709,0.3658582775777744,0.9269167573460217
-0.09654821485689687,0.42300536790752397,0.9009688679024191
-0.1091949279806725,0.4784142384461746,0.8713187041233894
-0.12139293572313695,0.5318572022595175,0.8380881048918407
-0.13309211385401198,0.5831146507457641,0.8014136218679567
-0.144244387940892,0.631975956054396,0.7614459583691344
-0.1548039308973987,0.6782403366011829,0.7183493500977276
-0.16472735129650895,0.7217176821227794,0.6723008902613169
-0.17397387167523579,0.7622293348805763,0.6234898018587336
-0.18250549609797065,0.7996088238036693,0.5721166601221697
-0.19028716628993278,0.833702548554198,0.5183925683105252
-0.19728690569914042,0.8643704107040818,0.4625382902408354
-0.20347595089492174,0.891486389429511,0.404783343122394
-0.20882886976302126,0.9149390593575433,0.3453650544213078
-0.2133236660116124,0.9346320484368628,0.28452758663103267
-0.216941869558779,0.9504844339512096,0.22252093395631445
-0.21966861243004346,0.962431075048179,0.15959989503337932
-0.22149268985406328,0.9704228804169575,0.09602302590768189
-0.2224066063054398,0.9744270100150474,0.03205157757165533
-0.2224066063054398,0.9744270100150474,-0.032051577571654985
-0.22149268985406328,0.9704228804169575,-0.09602302590768154
-0.21966861243004346,0.9624310750481792,-0.15959989503337896
-0.216941869558779,0.9504844339512096,-0.22252093395631434
-0.21332366601161243,0.9346320484368629,-0.28452758663103234
-0.20882886976302129,0.9149390593575434,-0.3453650544213075
-0.20347595089492176,0.8914863894295111,-0.40478334312239367
-0.19728690569914045,0.8643704107040819,-0.4625382902408351
-0.1902871662899328,0.8337025485541981,-0.518392568310525
-0.1825054960979707,0.7996088238036695,-0.5721166601221694
-0.1739738716752358,0.7622293348805764,-0.6234898018587335
-0.16472735129650898,0.7217176821227796,-0.6723008902613166
-0.15480393089739872,0.678240336601183,-0.7183493500977275
-0.1442443879408921,0.6319759560543963,-0.7614459583691342
-0.13309211385401204,0.5831146507457643,-0.8014136218679565
-0.12139293572313704,0.5318572022595179,-0.8380881048918404
-0.10919492798067257,0.47841423844617487,-0.8713187041233892
-0.0965482148568969,0.4230053679075241,-0.900968867902419
-0.08350476440874718,0.3658582775777748,-0.9269167573460216
-0.07011817497192604,0.30720779710910356,-0.9490557470106686
-0.05644345491384398,0.24729493390624563,-0.9672948630390293
-0.04253679659243773,0.18636588277536956,-0.9815591569910653
-0.028455345449719,0.12467101425681341,-0.991790013823246
-0.01425696518889482,0.06246384579882691,-0.9979453927503363
-2.7250954951287993e-17,1.1939423470528823e-16,-1.0
-0.0,0.0,1.0
-0.022127615010424057,0.06012787824568068,0.9979453927503363
-0.04416430290441175,0.12000867814226043,0.9917900138232462
-0.06601951020455195,0.1793963366385729,0.9815591569910653
-0.08760342917612111,0.2380468171072439,0.9672948630390295
-0.10882736686632898,0.2957191121435392,0.9490557470106686
-0.1296041095626861,0.35217623391648595,0.9269167573460217
-0.14984828117285584,0.4071861880027047,0.9009688679024191
-0.1694766940533308,0.46052292670125683,0.8713187041233894
-0.18840869084530373,0.5119672779121355,0.8380881048918407
-0.20656647591305585,0.5613078457614364,0.8014136218679567
-0.22387543502291118,0.6083418792723485,0.7614459583691344
-0.24026444194912708,0.6528761055124065,0.7183493500977276
-0.25566615074681287,0.6947275237934285,0.6723008902613169
-0.2700172724908626,0.7337241576605968,0.6234898018587336
-0.28325883534372415,0.7697057615805996,0.5721166601221697
-0.2953364268833286,0.8025244794248994,0.5183925683105252
-0.3062004176954046,0.8320454520422814,0.4625382902408354
-0.31580616531138656,0.8581473714240319,0.404783343122394
-0.32411419765389404,0.8807229791845672,0.3453650544213078
-0.3310903752359643,0.8996795073091465,0.28452758663103267
-0.3367060314475272,0.9149390593575434,0.22252093395631445
-0.34093809035265493,0.9264389305572274,0.15959989503337932
-0.34376916151353265,0.9341318654707244,0.09602302590768189
-0.3451876114514973,0.9379862521783453,0.03205157757165533
-0.3451876114514973,0.9379862521783453,-0.032051577571654985
-0.34376916151353265,0.9341318654707244,-0.09602302590768154
-0.340938090352655,0.9264389305572275,-0.15959989503337896
-0.3367060314475272,0.9149390593575434,-0.22252093395631434
-0.33109037523596435,0.8996795073091466,-0.28452758663103234
-0.3241141976538941,0.8807229791845673,-0.3453650544213075
-0.3158061653113866,0.858147371424032,-0.40478334312239367
-0.3062004176954047,0.8320454520422815,-0.4625382902408351
-0.2953364268833286,0.8025244794248995,-0.518392568310525
-0.2832588353437242,0.7697057615805998,-0.5721166601221694
-0.27001727249086266,0.733724157660597,-0.6234898018587335
-0.2556661507468129,0.6947275237934287,-0.6723008902613166
-0.2402644419491271,0.6528761055124066,-0.7183493500977275
-0.2238754350229113,0.6083418792723488,-0.7614459583691342
-0.20656647591305594,0.5613078457614367,-0.8014136218679565
-0.18840869084530387,0.5119672779121359,-0.8380881048918404
-0.16947669405333088,0.46052292670125705,-0.8713187041233892
-0.14984828117285587,0.4071861880027048,-0.900968867902419
-0.12960410956268623,0.35217623391648634,-0.9269167573460216
-0.10882736686632904,0.29571911214353935,-0.9490557470106686
-0.08760342917612127,0.23804681710724432,-0.9672948630390293
-0.06601951020455205,0.17939633663857313,-0.9815591569910653
-0.04416430290441192,0.12000867814226089,-0.991790013823246
-0.022127615010424168,0.06012787824568098,-0.9979453927503363
-4.2295020843440566e-17,1.1492923491641064e-16,-1.0
-0.0,0.0,1.0
-0.02963493000523314,0.0568046125940656,0.9979453927503363
-0.059148083726402234,0.113375802850431,0.9917900138232462
-0.08841818528431536,0.16948110761385055,0.9815591569910653
-0.11732495755325396,0.22488997815250117,0.9672948630390295
-0.14574961640548179,0.2793747275321742,0.9490557470106686
-0.17357535882070482,0.33271146623072634,0.9269167573460217
-0.20068784285473587,0.38468102214815075,0.9009688679024191
-0.22697565749506948,0.4350698412317479,0.8713187041233894
-0.25233078047263,0.4836708650155355,0.8380881048918407
-0.27664902214844583,0.5302843814678991,0.8014136218679567
-0.2998304536512246,0.5747188456511682,0.7614459583691344
-0.32177981750651985,0.6167916668208506,0.7183493500977276
-0.3424069190701263,0.6563299587301685,0.6723008902613169
-0.36162699715721996,0.6931712500567296,0.6234898018587336
-0.3793610723442469,0.7271641520320408,0.5721166601221697
-0.3955362715123164,0.7581689805304307,0.5183925683105252
-0.41008612729847777,0.7860583300610848,0.4625382902408354
-0.42295085122437115,0.8107175973045349,0.404783343122394
-0.4340775793799106,0.8320454520422814,0.3453650544213078
-0.44342058965242914,0.8499542535443965,0.28452758663103267
-0.4509414896086477,0.8643704107040819,0.22252093395631445
-0.4566093742574181,0.8752346844393126,0.15959989503337932
-0.4604009530449612,0.8825024311189312,0.09602302590768189
-0.46230064556074785,0.8861437860129043,0.03205157757165533
-0.46230064556074785,0.8861437860129043,-0.032051577571654985
-0.4604009530449612,0.8825024311189312,-0.09602302590768154
-0.45660937425741815,0.8752346844393127,-0.15959989503337896
-0.4509414896086477,0.8643704107040819,-0.22252093395631434
-0.4434205896524292,0.8499542535443966,-0.28452758663103234
-0.4340775793799106,0.8320454520422815,-0.3453650544213075
-0.4229508512243712,0.810717597304535,-0.40478334312239367
-0.4100861272984778,0.7860583300610849,-0.4625382902408351
-0.39553627151231646,0.7581689805304308,-0.518392568310525
-0.379361072344247,0.7271641520320409,-0.5721166601221694
-0.36162699715722,0.6931712500567297,-0.6234898018587335
-0.34240691907012644,0.6563299587301687,-0.6723008902613166
-0.3217798175065199,0.6167916668208506,-0.7183493500977275
-0.2998304536512248,0.5747188456511684,-0.7614459583691342
-0.27664902214844594,0.5302843814678994,-0.8014136218679565
-0.25233078047263025,0.4836708650155359,-0.8380881048918404
-0.22697565749506962,0.43506984123174813,-0.8713187041233892
-0.20068784285473593,0.38468102214815086,-0.900968867902419
-0.173575358820705,0.33271146623072667,-0.9269167573460216
-0.1457496164054819,0.27937472753217435,-0.9490557470106686
-0.11732495755325417,0.22488997815250156,-0.9672948630390293
-0.08841818528431548,0.16948110761385077,-0.9815591569910653
-0.05914808372640246,0.11337580285043145,-0.991790013823246
-0.029634930005233286,0.056804612594065884,-0.9979453927503363
-5.664460366265281e-17,1.0857710026759582e-16,-1.0
-0.0,0.0,1.0
-0.03665564026865816,0.05254861677410425,0.9979453927503363
-0.07316065464884222,0.10488130001024076,0.9917900138232462
-0.10936503620616299,0.1567830034876669,0.9815591569910653
-0.14512001337098593,0.2080404519739134,0.9672948630390295
-0.18027866127272224,0.25844301761846217,0.9490557470106686
-0.21469650548563737,0.3077835854677632,0.9269167573460217
-0.24823211570525602,0.35585940454500514,0.9009688679024191
-0.2807476869158199,0.40247292099736875,0.8713187041233894
-0.3121096056606567,0.4474325898871834,0.8380881048918407
-0.3421889990885334,0.490553662291162,0.8014136218679567
-0.3708622645198453,0.5316589444733557,0.7614459583691344
-0.39801157735653875,0.5705795260122224,0.7183493500977276
-0.42352537524865863,0.6071554738897804,0.6723008902613169
-0.4472988165279737,0.6412364896906846,0.6234898018587336
-0.46923421102488,0.672682527210654,0.5721166601221697
-0.4892414214982625,0.7013643679363651,0.5183925683105252
-0.5072382340287528,0.7271641520320408,0.4625382902408354
-0.5231506958533589,0.7499758626507953,0.404783343122394
-0.5369134192532314,0.7697057615805997,0.3453650544213078
-0.5484698502458251,0.7862727744347012,0.28452758663103267
-0.5577725009773447,0.7996088238036695,0.22252093395631445
-0.5647831448605221,0.8096591090000735,0.15959989503337932
-0.5694729736558629,0.8163823312462621,0.09602302590768189
-0.5718227158508821,0.8197508633798989,0.03205157757165533
-0.5718227158508821,0.8197508633798989,-0.032051577571654985
-0.5694729736558629,0.8163823312462621,-0.09602302590768154
-0.5647831448605221,0.8096591090000735,-0.15959989503337896
-0.5577725009773447,0.7996088238036695,-0.22252093395631434
-0.5484698502458251,0.7862727744347013,-0.28452758663103234
-0.5369134192532314,0.7697057615805998,-0.3453650544213075
-0.523150695853359,0.7499758626507954,-0.40478334312239367
-0.5072382340287529,0.7271641520320409,-0.4625382902408351
-0.48924142149826255,0.7013643679363653,-0.518392568310525
-0.46923421102488017,0.6726825272106541,-0.5721166601221694
-0.44729881652797376,0.6412364896906846,-0.6234898018587335
-0.42352537524865874,0.6071554738897805,-0.6723008902613166
-0.3980115773565388,0.5705795260122225,-0.7183493500977275
-0.3708622645198455,0.531658944473356,-0.7614459583691342
-0.34218899908853356,0.49055366229116215,-0.8014136218679565
-0.312109605660657,0.4474325898871837,-0.8380881048918404
-0.2807476869158201,0.402472920997369,-0.8713187041233892
-0.2482321157052561,0.35585940454500525,-0.900968867902419
-0.2146965054856376,0.30778358546776347,-0.9269167573460216
-0.18027866127272238,0.25844301761846233,-0.9490557470106686
-0.14512001337098618,0.2080404519739138,-0.9672948630390293
-0.10936503620616314,0.1567830034876671,-0.9815591569910653
-0.07316065464884251,0.10488130001024118,-0.991790013823246
-0.03665564026865834,0.052548616774104516,-0.9979453927503363
-7.00640836557489e-17,1.0044213263416304e-16,-1.0
-0.0,0.0,1.0
-0.04307446593227168,0.047429774119497024,0.9979453927503363
-0.0859719296445837,0.09466464912348241,0.9917900138232462
-0.12851611625706505,0.14151052677871584,0.9815591569910653
-0.17053220258122562,0.1877749073255027,0.9672948630390295
-0.2118475355059372,0.2332676805004978,0.9490557470106686
-0.252292341466101,0.27780190674055577,0.9269167573460217
-0.29170042407864316,0.32119458535749473,0.9009688679024191
-0.3299098470791013,0.3632674065271772,0.8713187041233894
-0.3667635997524712,0.40384748400282516,0.8380881048918407
-0.4021102421239128,0.44276806554169185,0.8014136218679567
-0.43580452725809077,0.4798692181257956,0.7614459583691344
-0.4677079981099873,0.5149984851609959,0.7183493500977276
-0.4976895564745989,0.548011512953841,0.6723008902613169
-0.5256260016975813,0.5787726438918579,0.6234898018587336
-0.5514025369331647,0.6071554738897804,0.5721166601221697
-0.5749132408690162,0.633043371811049,0.5183925683105252
-0.5960615029796337,0.6563299587301686,0.4625382902408354
-0.6147604205197164,0.6769195450665313,0.404783343122394
-0.6309331556261868,0.6947275237934286,0.3453650544213078
-0.6445132510614519,0.7096807181064723,0.28452758663103267
-0.6554449033004467,0.7217176821227796,0.22252093395631445
-0.6636831918392889,0.7307889533752873,0.15959989503337932
-0.6691942637832655,0.7368572560646369,0.09602302590768189
-0.6719554729556372,0.7398976542334312,0.03205157757165533
-0.6719554729556372,0.7398976542334312,-0.032051577571654985
-0.6691942637832655,0.7368572560646369,-0.09602302590768154
-0.663683191839289,0.7307889533752873,-0.15959989503337896
-0.6554449033004467,0.7217176821227796,-0.22252093395631434
-0.644513251061452,0.7096807181064723,-0.28452758663103234
-0.6309331556261869,0.6947275237934287,-0.3453650544213075
-0.6147604205197164,0.6769195450665314,-0.40478334312239367
-0.5960615029796337,0.6563299587301687,-0.4625382902408351
-0.5749132408690163,0.6330433718110491,-0.518392568310525
-0.5514025369331648,0.6071554738897805,-0.5721166601221694
-0.5256260016975814,0.578772643891858,-0.6234898018587335
-0.49768955647459906,0.5480115129538411,-0.6723008902613166
-0.46770799810998737,0.514998485160996,-0.7183493500977275
-0.43580452725809105,0.47986921812579586,-0.7614459583691342
-0.4021102421239129,0.442768065541692,-0.8014136218679565
-0.3667635997524715,0.4038474840028255,-0.8380881048918404
-0.32990984707910154,0.36326740652717737,-0.8713187041233892
-0.2917004240786432,0.32119458535749484,-0.900968867902419
-0.2522923414661013,0.27780190674055605,-0.9269167573460216
-0.21184753550593735,0.23326768050049795,-0.9490557470106686
-0.17053220258122592,0.18777490732550303,-0.9672948630390293
-0.12851611625706522,0.14151052677871603,-0.9815591569910653
-0.08597192964458404,0.09466464912348277,-0.991790013823246
-0.0430744659322719,0.04742977411949726,-0.9979453927503363
-8.233311333224372e-17,9.065790795974991e-17,-1.0
-0.0,0.0,1.0
-0.04878601005613519,0.041532135885114556,0.9979453927503363
-0.0973715479323834,0.08289360731526198,0.9917900138232462
-0.14555696523204592,0.12391445113232798,0.9815591569910653
-0.1931442577396988,0.1644261038901248,0.9672948630390295
-0.23993787906298591,0.20426209451774846,0.9490557470106686
-0.28574554417468956,0.2432587283849168,0.9269167573460217
-0.33037901955315246,0.281255759958318,0.9009688679024191
-0.3736548966741939,0.31809705128487903,0.8713187041233894
-0.4153953456760771,0.353631213596107,0.8380881048918407
-0.4554288461005551,0.3877122293970111,0.8014136218679567
-0.4935908917072249,0.4202000524833106,0.7614459583691344
-0.5297246664649554,0.4509611834213275,0.7183493500977276
-0.5636816889425967,0.4798692181257957,0.6723008902613169
-0.59532242245103,0.5068053672813605,0.6234898018587336
-0.6245168484293526,0.5316589444733558,0.5721166601221697
-0.6511450007190351,0.5543278210220242,0.5183925683105252
-0.6750974585305987,0.5747188456511684,0.4625382902408354
-0.6962757960771091,0.592748227266726,0.404783343122394
-0.7145929870268489,0.6083418792723487,0.3453650544213078
-0.7299737621131803,0.6214357240071176,0.28452758663103267
-0.7423549184321078,0.6319759560543963,0.22252093395631445
-0.751685579156567,0.6399192633398301,0.15959989503337932
-0.757927402600221,0.645233005109949,0.09602302590768189
-0.7610547397716725,0.6478953460600255,0.03205157757165533
-0.7610547397716725,0.6478953460600255,-0.032051577571654985
-0.757927402600221,0.645233005109949,-0.09602302590768154
-0.7516855791565671,0.6399192633398301,-0.15959989503337896
-0.7423549184321078,0.6319759560543963,-0.22252093395631434
-0.7299737621131804,0.6214357240071177,-0.28452758663103234
-0.7145929870268489,0.6083418792723488,-0.3453650544213075
-0.6962757960771092,0.5927482272667262,-0.40478334312239367
-0.6750974585305987,0.5747188456511684,-0.4625382902408351
-0.6511450007190352,0.5543278210220243,-0.518392568310525
-0.6245168484293527,0.531658944473356,-0.5721166601221694
-0.59532242245103,0.5068053672813606,-0.6234898018587335
-0.5636816889425968,0.47986921812579586,-0.6723008902613166
-0.5297246664649555,0.45096118342132757,-0.7183493500977275
-0.4935908917072252,0.4202000524833108,-0.7614459583691342
-0.4554288461005553,0.3877122293970113,-0.8014136218679565
-0.41539534567607744,0.3536312135961073,-0.8380881048918404
-0.3736548966741941,0.3180970512848792,-0.8713187041233892
-0.3303790195531525,0.28125575995831803,-0.900968867902419
-0.28574554417468984,0.24325872838491705,-0.9269167573460216
-0.23993787906298608,0.2042620945177486,-0.9490557470106686
-0.19314425773969912,0.16442610389012507,-0.9672948630390293
-0.1455569652320461,0.12391445113232813,-0.9815591569910653
-0.09737154793238377,0.0828936073152623,-0.991790013823246
-0.048786010056135434,0.041532135885114764,-0.9979453927503363
-9.32502355640449e-17,7.938508294301087e-17,-1.0
-0.0,0.0,1.0
-0.05369648924363901,0.03495254112771636,0.9979453927503363
-0.1071723280951151,0.06976145476664239,0.9917900138232462
-0.16020777286205606,0.10428370362414716,0.9815591569910653
-0.2125848895258473,0.138377428374676,0.9672948630390295
-0.2640884492792611,0.17190253059014804,0.9490557470106686
-0.31450681294779165,0.20472124843444797,0.9269167573460217
-0.36363280066042,0.2366987227563607,0.9009688679024191
-0.4112645431961434,0.2677035512547507,0.8713187041233894
-0.457206311507906,0.29760832843880325,0.8380881048918407
-0.5012693210152365,0.32629016916451453,0.8014136218679567
-0.5432725073605832,0.3536312135961071,0.7614459583691344
-0.5830432704415978,0.3795191115173757,0.7183493500977276
-0.6204181836619785,0.40384748400282533,0.6723008902613169
-0.6552436654864092,0.4265163605514937,0.6234898018587336
-0.6873766105400307,0.4474325898871836,0.5721166601221697
-0.7166849776591226,0.4665102227370374,0.5183925683105252
-0.7430483324765678,0.48367086501553586,0.4625382902408354
-0.7663583423124991,0.49884399996261025,0.404783343122394
-0.7865192213365194,0.5119672779121358,0.3453650544213078
-0.8034481241722242,0.5229867725000837,0.28452758663103267
-0.8170754863266232,0.5318572022595179,0.22252093395631445
-0.8273453100455637,0.5385421166918556,0.15959989503337932
-0.8342153944205147,0.5430140460497848,0.09602302590768189
-0.8376575088011508,0.5452546142163477,0.03205157757165533
-0.8376575088011508,0.5452546142163477,-0.032051577571654985
-0.8342153944205147,0.5430140460497848,-0.09602302590768154
-0.8273453100455638,0.5385421166918557,-0.15959989503337896
-0.8170754863266232,0.5318572022595179,-0.22252093395631434
-0.8034481241722243,0.5229867725000839,-0.28452758663103234
-0.7865192213365195,0.5119672779121359,-0.3453650544213075
-0.7663583423124991,0.4988439999626103,-0.40478334312239367
-0.7430483324765679,0.4836708650155359,-0.4625382902408351
-0.7166849776591228,0.46651022273703746,-0.518392568310525
-0.687376610540031,0.4474325898871837,-0.5721166601221694
-0.6552436654864093,0.4265163605514938,-0.6234898018587335
-0.6204181836619788,0.4038474840028255,-0.6723008902613166
-0.5830432704415979,0.3795191115173758,-0.7183493500977275
-0.5432725073605834,0.3536312135961073,-0.7614459583691342
-0.5012693210152366,0.32629016916451464,-0.8014136218679565
-0.4572063115079064,0.2976083284388035,-0.8380881048918404
-0.41126454319614364,0.26770355125475087,-0.8713187041233892
-0.36363280066042003,0.23669872275636075,-0.900968867902419
-0.314506812947792,0.20472124843444817,-0.9269167573460216
-0.2640884492792613,0.17190253059014815,-0.9490557470106686
-0.2125848895258477,0.13837742837467626,-0.9672948630390293
-0.16020777286205629,0.1042837036241473,-0.9815591569910653
-0.10717232809511551,0.06976145476664265,-0.991790013823246
-0.053696489243639275,0.034952541127716535,-0.9979453927503363
-1.0263619150592636e-16,6.680875705906664e-17,-1.0
-0.0,0.0,1.0
-0.05772527356228186,0.027799026611316207,0.9979453927503363
-0.11521334159346397,0.05548382105941401,0.9917900138232462
-0.17222797329085426,0.08294062058553639,0.9815591569910653
-0.22853488330320798,0.11005659931096547,0.9672948630390295
-0.2839026944594901,0.13672033186275928,0.9490557470106686
-0.3381038885473012,0.1628222512445098,0.9269167573460217
-0.39091574123401485,0.18825509907063329,0.9009688679024191
-0.44212123728883435,0.2129143663140834,0.8713187041233894
-0.491509962344926,0.23669872275636056,0.8380881048918407
-0.538878967537186,0.2595104333751151,0.8014136218679567
-0.5840336034626599,0.28125575995831786,0.7614459583691344
-0.6267883200366905,0.30184534629468057,0.7183493500977276
-0.6669674289580173,0.32119458535749473,0.6723008902613169
-0.7044058256496908,0.33922396697305246,0.6234898018587336
-0.7389496677091939,0.35585940454500514,0.5721166601221697
-0.7704570070798733,0.3710325394920795,0.5183925683105252
-0.7987983733459518,0.3846810221481508,0.4625382902408354
-0.823857305754238,0.3967487679703949,0.404783343122394
-0.8455308317763421,0.40718618800270473,0.3453650544213078
-0.8637298902448827,0.41595039264734807,0.28452758663103267
-0.8783796973249266,0.4230053679075241,0.22252093395631445
-0.8894200538168081,0.42832212337660114,0.15959989503337932
-0.8968055925275532,0.43187881136591644,0.09602302590768189
-0.9005059646944062,0.43366081668161466,0.03205157757165533
-0.9005059646944062,0.43366081668161466,-0.032051577571654985
-0.8968055925275532,0.43187881136591644,-0.09602302590768154
-0.8894200538168082,0.4283221233766012,-0.15959989503337896
-0.8783796973249266,0.4230053679075241,-0.22252093395631434
-0.8637298902448828,0.4159503926473481,-0.28452758663103234
-0.8455308317763423,0.4071861880027048,-0.3453650544213075
-0.8238573057542381,0.39674876797039493,-0.40478334312239367
-0.7987983733459518,0.38468102214815086,-0.4625382902408351
-0.7704570070798734,0.37103253949207954,-0.518392568310525
-0.7389496677091941,0.35585940454500525,-0.5721166601221694
-0.7044058256496909,0.3392239669730525,-0.6234898018587335
-0.6669674289580175,0.32119458535749484,-0.6723008902613166
-0.6267883200366906,0.3018453462946806,-0.7183493500977275
-0.5840336034626602,0.28125575995831803,-0.7614459583691342
-0.5388789675371862,0.25951043337511515,-0.8014136218679565
-0.4915099623449264,0.23669872275636075,-0.8380881048918404
-0.44212123728883457,0.2129143663140835,-0.8713187041233892
-0.39091574123401496,0.18825509907063334,-0.900968867902419
-0.33810388854730156,0.16282225124450997,-0.9269167573460216
-0.28390269445949035,0.1367203318627594,-0.9490557470106686
-0.2285348833032084,0.11005659931096566,-0.9672948630390293
-0.17222797329085449,0.0829406205855365,-0.9815591569910653
-0.11521334159346441,0.05548382105941423,-0.991790013823246
-0.057725273562282145,0.027799026611316346,-0.9979453927503363
-1.103368640208112e-16,5.3135433231240294e-17,-1.0
-0.0,0.0,1.0
-0.06080621048493336,0.020189052846503835,0.9979453927503363
-0.12136255520809289,0.04029514454432313,0.9917900138232462
-0.1814201951597159,0.06023565484992841,0.9815591569910653
-0.24073234061491783,0.07992864392924788,0.9672948630390295
-0.29905526524560794,0.09929318906602172,0.9490557470106686
-0.3561493076442506,0.11824971719060101,0.9269167573460217
-0.4117798561439962,0.13672033186275934,0.9009688679024191
-0.46571831288834387,0.15462913336487435,0.8713187041233894
-0.5177430331887685,0.171902530590148,0.8380881048918407
-0.5676402363102881,0.1884695434442496,0.8014136218679567
-0.6152048839423602,0.2042620945177485,0.7614459583691344
-0.660241522745279,0.21921528883079205,0.7183493500977276
-0.7025650875098751,0.2332676805004979,0.6723008902613169
-0.7420016616301545,0.24636152523526667,0.6234898018587336
-0.7783891917639383,0.2584430176184623,0.5721166601221697
-0.8115781537448059,0.26946251220641015,0.5183925683105252
-0.8414321670089682,0.27937472753217435,0.4625382902408354
-0.8678285550122568,0.28813893217681763,0.404783343122394
-0.8906588493343588,0.29571911214353935,0.3453650544213078
-0.9098292353988218,0.30208411884691255,0.28452758663103267
-0.9252609379772722,0.30720779710910356,0.22252093395631445
-0.936890544893725,0.3110690926371074,0.15959989503337932
-0.944670267598818,0.3136521385393543,0.09602302590768189
-0.9485681375432105,0.3149463205261702,0.03205157757165533
-0.9485681375432105,0.3149463205261702,-0.032051577571654985
-0.944670267598818,0.3136521385393543,-0.09602302590768154
-0.9368905448937251,0.31106909263710747,-0.15959989503337896
-0.9252609379772722,0.30720779710910356,-0.22252093395631434
-0.9098292353988219,0.3020841188469126,-0.28452758663103234
-0.8906588493343588,0.29571911214353935,-0.3453650544213075
-0.8678285550122569,0.2881389321768177,-0.40478334312239367
-0.8414321670089683,0.27937472753217435,-0.4625382902408351
-0.811578153744806,0.2694625122064102,-0.518392568310525
-0.7783891917639385,0.25844301761846233,-0.5721166601221694
-0.7420016616301546,0.2463615252352667,-0.6234898018587335
-0.7025650875098753,0.23326768050049795,-0.6723008902613166
-0.6602415227452791,0.21921528883079208,-0.7183493500977275
-0.6152048839423605,0.2042620945177486,-0.7614459583691342
-0.5676402363102884,0.18846954344424965,-0.8014136218679565
-0.5177430331887689,0.17190253059014815,-0.8380881048918404
-0.46571831288834414,0.15462913336487447,-0.8713187041233892
-0.4117798561439963,0.1367203318627594,-0.900968867902419
-0.35614930764425096,0.11824971719060114,-0.9269167573460216
-0.29905526524560816,0.09929318906602179,-0.9490557470106686
-0.24073234061491824,0.07992864392924802,-0.9672948630390293
-0.18142019515971616,0.06023565484992849,-0.9815591569910653
-0.12136255520809337,0.04029514454432329,-0.991790013823246
-0.06080621048493366,0.020189052846503935,-0.9979453927503363
-1.1622580827890157e-16,3.8589627058765365e-17,-1.0
-0.0,0.0,1.0
-0.06288871111250068,0.01224757539210836,0.9979453927503363
-0.12551899902145386,0.024444822869833866,0.9917900138232462
-0.18763350243968704,0.03654162132698916,0.9815591569910653
-0.24897697954913547,0.048488262423958664,0.9672948630390295
-0.3092973568442219,0.06023565484992845,0.9490557470106686
-0.3683467649559604,0.07173552604961243,0.9269167573460217
-0.42588255720036167,0.08294062058553649,0.9009688679024191
-0.4816683066657045,0.09380489432076723,0.8713187041233894
-0.5354747777414302,0.10428370362414721,0.8380881048918407
-0.5870808680964368,0.11433398882055129,0.8014136218679567
-0.6362745172359838,0.12391445113232807,0.7614459583691344
-0.6828535779037522,0.13298572238483566,0.7183493500977276
-0.726626646748281,0.14151052677871598,0.6723008902613169
-0.7674138508403942,0.14945383406414978,0.6234898018587336
-0.8050475868096494,0.15678300348766708,0.5721166601221697
-0.8393732095625379,0.16346791792000476,0.5183925683105252
-0.8702496677523451,0.16948110761385074,0.4625382902408354
-0.8975500833893896,0.17479786308292783,0.404783343122394
-0.9211622732098981,0.1793963366385731,0.3453650544213078
-0.9409892096610991,0.18325763216657698,0.28452758663103267
-0.9569494196082502,0.18636588277536956,0.22252093395631445
-0.968977319125224,0.18870831599648163,0.15959989503337932
-0.9770234829929294,0.19027530626935735,0.09602302590768189
-0.9810548477981369,0.19106041449484706,0.03205157757165533
-0.9810548477981369,0.19106041449484706,-0.032051577571654985
-0.9770234829929294,0.19027530626935735,-0.09602302590768154
-0.9689773191252241,0.18870831599648163,-0.15959989503337896
-0.9569494196082502,0.18636588277536956,-0.22252093395631434
-0.9409892096610992,0.183257632166577,-0.28452758663103234
-0.9211622732098982,0.17939633663857313,-0.3453650544213075
-0.8975500833893897,0.17479786308292786,-0.40478334312239367
-0.8702496677523452,0.16948110761385077,-0.4625382902408351
-0.839373209562538,0.16346791792000478,-0.518392568310525
-0.8050475868096496,0.1567830034876671,-0.5721166601221694
-0.7674138508403943,0.14945383406414978,-0.6234898018587335
-0.7266266467482813,0.14151052677871603,-0.6723008902613166
-0.6828535779037523,0.1329857223848357,-0.7183493500977275
-0.6362745172359842,0.12391445113232813,-0.7614459583691342
-0.5870808680964369,0.11433398882055133,-0.8014136218679565
-0.5354747777414306,0.1042837036241473,-0.8380881048918404
-0.48166830666570476,0.09380489432076727,-0.8713187041233892
-0.4258825572003618,0.0829406205855365,-0.900968867902419
-0.3683467649559608,0.0717355260496125,-0.9269167573460216
-0.3092973568442221,0.06023565484992849,-0.9490557470106686
-0.24897697954913592,0.04848826242395875,-0.9672948630390293
-0.1876335024396873,0.03654162132698921,-0.9815591569910653
-0.12551899902145436,0.02444482286983396,-0.991790013823246
-0.062888711112501,0.01224757539210842,-0.9979453927503363
-1.2020632797828825e-16,2.3410180276853326e-17,-1.0
-0.0,0.0,1.0
-0.063938580842253,0.004104993088376964,0.9979453927503363
-0.1276144243410426,0.008193117879635533,0.9917900138232462
-0.19076587279700669,0.012247575392108405,0.9815591569910653
-0.25313342336249645,0.01625170499019842,0.9672948630390295
-0.31446079439444075,0.02018905284650392,0.9490557470106686
-0.37449597857058936,0.024043439554124885,0.9269167573460217
-0.432992278441656,0.02779902661131634,0.9009688679024191
-0.48970932016405333,0.03144038150528938,0.8713187041233894
-0.5444140412475769,0.03495254112771651,0.8380881048918407
-0.5968816482591685,0.03832107326135329,0.8014136218679567
-0.6468965405473512,0.04153213588511474,0.7614459583691344
-0.6942531961915519,0.044572534053909034,0.7183493500977276
-0.7387570165357581,0.047429774119497246,0.6723008902613169
-0.7802251258361357,0.05009211506957381,0.6234898018587336
-0.818487122736688,0.0525486167741045,0.5721166601221697
-0.8533857804849779,0.054789184940667444,0.5183925683105252
-0.8847776930105793,0.05680461259406588,0.4625382902408354
-0.9125338642113802,0.0585866179097641,0.404783343122394
-0.9365402380262364,0.06012787824568097,0.3453650544213078
-0.9566981671157919,0.061422060232496904,0.28452758663103267
-0.9729248182255554,0.06246384579882691,0.22252093395631445
-0.9851535125655109,0.06324895402431661,0.15959989503337932
-0.993333999807569,0.06377415873086233,0.09602302590768189
-0.9974326645749431,0.06403730173966878,0.03205157757165533
-0.9974326645749431,0.06403730173966878,-0.032051577571654985
-0.993333999807569,0.06377415873086233,-0.09602302590768154
-0.985153512565511,0.06324895402431663,-0.15959989503337896
-0.9729248182255554,0.06246384579882691,-0.22252093395631434
-0.956698167115792,0.06142206023249691,-0.28452758663103234
-0.9365402380262365,0.06012787824568098,-0.3453650544213075
-0.9125338642113803,0.058586617909764105,-0.40478334312239367
-0.8847776930105794,0.056804612594065884,-0.4625382902408351
-0.853385780484978,0.05478918494066745,-0.518392568310525
-0.8184871227366882,0.052548616774104516,-0.5721166601221694
-0.7802251258361358,0.05009211506957382,-0.6234898018587335
-0.7387570165357583,0.04742977411949726,-0.6723008902613166
-0.694253196191552,0.04457253405390904,-0.7183493500977275
-0.6468965405473516,0.041532135885114764,-0.7614459583691342
-0.5968816482591687,0.038321073261353304,-0.8014136218679565
-0.5444140412475773,0.034952541127716535,-0.8380881048918404
-0.4897093201640536,0.031440381505289404,-0.8713187041233892
-0.4329922784416561,0.027799026611316346,-0.900968867902419
-0.37449597857058975,0.02404343955412491,-0.9269167573460216
-0.31446079439444097,0.020189052846503935,-0.9490557470106686
-0.2531334233624969,0.016251704990198446,-0.9672948630390293
-0.19076587279700694,0.01224757539210842,-0.9815591569910653
-0.1276144243410431,0.008193117879635564,-0.991790013823246
-0.06393858084225332,0.004104993088376985,-0.9979453927503363
-1.2221306309555476e-16,7.846338982004726e-18,-1.0
-0.0,-0.0,1.0
-0.063938580842253,-0.004104993088376921,0.9979453927503363
-0.1276144243410426,-0.008193117879635446,0.9917900138232462
-0.19076587279700669,-0.012247575392108275,0.9815591569910653
-0.25313342336249645,-0.016251704990198245,0.9672948630390295
-0.31446079439444075,-0.020189052846503706,0.9490557470106686
-0.37449597857058936,-0.024043439554124628,0.9269167573460217
-0.432992278441656,-0.027799026611316044,0.9009688679024191
-0.48970932016405333,-0.03144038150528905,0.8713187041233894
-0.5444140412475769,-0.03495254112771614,0.8380881048918407
-0.5968816482591685,-0.03832107326135288,0.8014136218679567
-0.6468965405473512,-0.0415321358851143,0.7614459583691344
-0.6942531961915519,-0.04457253405390856,0.7183493500977276
-0.7387570165357581,-0.04742977411949675,0.6723008902613169
-0.7802251258361357,-0.05009211506957328,0.6234898018587336
-0.818487122736688,-0.05254861677410394,0.5721166601221697
-0.8533857804849779,-0.05478918494066686,0.5183925683105252
-0.8847776930105793,-0.056804612594065274,0.4625382902408354
-0.9125338642113802,-0.05858661790976347,0.404783343122394
-0.9365402380262364,-0.06012787824568033,0.3453650544213078
-0.9566981671157919,-0.06142206023249625,0.28452758663103267
-0.9729248182255554,-0.062463845798826245,0.22252093395631445
-0.9851535125655109,-0.06324895402431595,0.15959989503337932
-0.993333999807569,-0.06377415873086166,0.09602302590768189
-0.9974326645749431,-0.0640373017396681,0.03205157757165533
-0.9974326645749431,-0.0640373017396681,-0.032051577571654985
-0.993333999807569,-0.06377415873086166,-0.09602302590768154
-0.985153512565511,-0.06324895402431596,-0.15959989503337896
-0.9729248182255554,-0.062463845798826245,-0.22252093395631434
-0.956698167115792,-0.06142206023249626,-0.28452758663103234
-0.9365402380262365,-0.06012787824568034,-0.3453650544213075
-0.9125338642113803,-0.05858661790976348,-0.40478334312239367
-0.8847776930105794,-0.05680461259406528,-0.4625382902408351
-0.853385780484978,-0.05478918494066687,-0.518392568310525
-0.8184871227366882,-0.052548616774103954,-0.5721166601221694
-0.7802251258361358,-0.050092115069573284,-0.6234898018587335
-0.7387570165357583,-0.04742977411949676,-0.6723008902613166
-0.694253196191552,-0.04457253405390857,-0.7183493500977275
-0.6468965405473516,-0.04153213588511432,-0.7614459583691342
-0.5968816482591687,-0.038321073261352895,-0.8014136218679565
-0.5444140412475773,-0.03495254112771617,-0.8380881048918404
-0.4897093201640536,-0.031440381505289064,-0.8713187041233892
-0.4329922784416561,-0.02779902661131605,-0.900968867902419
-0.37449597857058975,-0.024043439554124652,-0.9269167573460216
-0.31446079439444097,-0.02018905284650372,-0.9490557470106686
-0.2531334233624969,-0.016251704990198273,-0.9672948630390293
-0.19076587279700694,-0.01224757539210829,-0.9815591569910653
-0.1276144243410431,-0.008193117879635477,-0.991790013823246
-0.06393858084225332,-0.0041049930883769415,-0.9979453927503363
-1.2221306309555476e-16,-7.846338982004641e-18,-1.0
-0.0,-0.0,1.0
-0.06288871111250069,-0.012247575392108316,0.9979453927503363
-0.1255189990214539,-0.02444482286983378,0.9917900138232462
-0.18763350243968707,-0.036541621326989036,0.9815591569910653
-0.2489769795491355,-0.04848826242395849,0.9672948630390295
-0.30929735684422194,-0.06023565484992824,0.9490557470106686
-0.36834676495596047,-0.07173552604961218,0.9269167573460217
-0.4258825572003617,-0.0829406205855362,0.9009688679024191
-0.48166830666570454,-0.0938048943207669,0.8713187041233894
-0.5354747777414303,-0.10428370362414685,0.8380881048918407
-0.5870808680964368,-0.1143339888205509,0.8014136218679567
-0.6362745172359839,-0.12391445113232763,0.7614459583691344
-0.6828535779037523,-0.1329857223848352,0.7183493500977276
-0.726626646748281,-0.14151052677871548,0.6723008902613169
-0.7674138508403943,-0.14945383406414925,0.6234898018587336
-0.8050475868096495,-0.15678300348766652,0.5721166601221697
-0.8393732095625379,-0.1634679179200042,0.5183925683105252
-0.8702496677523452,-0.16948110761385016,0.4625382902408354
-0.8975500833893897,-0.17479786308292722,0.404783343122394
-0.9211622732098982,-0.1793963366385725,0.3453650544213078
-0.9409892096610992,-0.18325763216657634,0.28452758663103267
-0.9569494196082503,-0.18636588277536892,0.22252093395631445
-0.9689773191252241,-0.18870831599648097,0.15959989503337932
-0.9770234829929295,-0.19027530626935668,0.09602302590768189
-0.981054847798137,-0.1910604144948464,0.03205157757165533
-0.981054847798137,-0.1910604144948464,-0.032051577571654985
-0.9770234829929295,-0.19027530626935668,-0.09602302590768154
-0.9689773191252242,-0.188708315996481,-0.15959989503337896
-0.9569494196082503,-0.18636588277536892,-0.22252093395631434
-0.9409892096610993,-0.18325763216657637,-0.28452758663103234
-0.9211622732098983,-0.17939633663857252,-0.3453650544213075
-0.8975500833893898,-0.17479786308292725,-0.40478334312239367
-0.8702496677523454,-0.16948110761385018,-0.4625382902408351
-0.839373209562538,-0.16346791792000423,-0.518392568310525
-0.8050475868096497,-0.15678300348766658,-0.5721166601221694
-0.7674138508403944,-0.14945383406414928,-0.6234898018587335
-0.7266266467482813,-0.14151052677871553,-0.6723008902613166
-0.6828535779037525,-0.13298572238483522,-0.7183493500977275
-0.6362745172359843,-0.1239144511323277,-0.7614459583691342
-0.587080868096437,-0.11433398882055094,-0.8014136218679565
-0.5354747777414307,-0.10428370362414693,-0.8380881048918404
-0.4816683066657048,-0.09380489432076695,-0.8713187041233892
-0.42588255720036183,-0.08294062058553621,-0.900968867902419
-0.36834676495596086,-0.07173552604961225,-0.9269167573460216
-0.30929735684422216,-0.06023565484992828,-0.9490557470106686
-0.24897697954913595,-0.048488262423958574,-0.9672948630390293
-0.18763350243968732,-0.036541621326989085,-0.9815591569910653
-0.12551899902145436,-0.024444822869833877,-0.991790013823246
-0.062888711112501,-0.012247575392108377,-0.9979453927503363
-1.2020632797828827e-16,-2.3410180276853242e-17,-1.0
-0.0,-0.0,1.0
-0.06080621048493337,-0.020189052846503793,0.9979453927503363
-0.12136255520809291,-0.04029514454432305,0.9917900138232462
-0.18142019515971597,-0.06023565484992829,0.9815591569910653
-0.24073234061491788,-0.07992864392924771,0.9672948630390295
-0.299055265245608,-0.09929318906602151,0.9490557470106686
-0.3561493076442507,-0.11824971719060076,0.9269167573460217
-0.4117798561439963,-0.13672033186275906,0.9009688679024191
-0.465718312888344,-0.15462913336487405,0.8713187041233894
-0.5177430331887687,-0.17190253059014765,0.8380881048918407
-0.5676402363102884,-0.1884695434442492,0.8014136218679567
-0.6152048839423603,-0.20426209451774807,0.7614459583691344
-0.6602415227452793,-0.21921528883079158,0.7183493500977276
-0.7025650875098753,-0.2332676805004974,0.6723008902613169
-0.7420016616301547,-0.24636152523526614,0.6234898018587336
-0.7783891917639384,-0.2584430176184617,0.5721166601221697
-0.8115781537448061,-0.2694625122064096,0.5183925683105252
-0.8414321670089684,-0.27937472753217374,0.4625382902408354
-0.867828555012257,-0.288138932176817,0.404783343122394
-0.8906588493343589,-0.2957191121435387,0.3453650544213078
-0.909829235398822,-0.30208411884691194,0.28452758663103267
-0.9252609379772724,-0.30720779710910295,0.22252093395631445
-0.9368905448937253,-0.31106909263710675,0.15959989503337932
-0.9446702675988182,-0.31365213853935364,0.09602302590768189
-0.9485681375432107,-0.31494632052616955,0.03205157757165533
-0.9485681375432107,-0.31494632052616955,-0.032051577571654985
-0.9446702675988182,-0.31365213853935364,-0.09602302590768154
-0.9368905448937254,-0.3110690926371068,-0.15959989503337896
-0.9252609379772724,-0.30720779710910295,-0.22252093395631434
-0.9098292353988221,-0.302084118846912,-0.28452758663103234
-0.890658849334359,-0.29571911214353874,-0.3453650544213075
-0.8678285550122571,-0.2881389321768171,-0.40478334312239367
-0.8414321670089685,-0.2793747275321738,-0.4625382902408351
-0.8115781537448062,-0.2694625122064096,-0.518392568310525
-0.7783891917639386,-0.2584430176184618,-0.5721166601221694
-0.7420016616301548,-0.24636152523526617,-0.6234898018587335
-0.7025650875098755,-0.23326768050049748,-0.6723008902613166
-0.6602415227452794,-0.2192152888307916,-0.7183493500977275
-0.6152048839423606,-0.20426209451774816,-0.7614459583691342
-0.5676402363102885,-0.18846954344424927,-0.8014136218679565
-0.517743033188769,-0.1719025305901478,-0.8380881048918404
-0.46571831288834425,-0.15462913336487413,-0.8713187041233892
-0.41177985614399637,-0.1367203318627591,-0.900968867902419
-0.35614930764425107,-0.11824971719060089,-0.9269167573460216
-0.2990552652456082,-0.09929318906602158,-0.9490557470106686
-0.2407323406149183,-0.07992864392924785,-0.9672948630390293
-0.1814201951597162,-0.06023565484992836,-0.9815591569910653
-0.1213625552080934,-0.0402951445443232,-0.991790013823246
-0.060806210484933676,-0.020189052846503894,-0.9979453927503363
-1.162258082789016e-16,-3.858962705876528e-17,-1.0
-0.0,-0.0,1.0
-0.05772527356228187,-0.027799026611316193,0.9979453927503363
-0.11521334159346398,-0.05548382105941398,0.9917900138232462
-0.1722279732908543,-0.08294062058553635,0.9815591569910653
-0.228534883303208,-0.11005659931096541,0.9672948630390295
-0.2839026944594902,-0.13672033186275923,0.9490557470106686
-0.3381038885473013,-0.16282225124450972,0.9269167573460217
-0.3909157412340149,-0.18825509907063318,0.9009688679024191
-0.4421212372888344,-0.21291436631408328,0.8713187041233894
-0.49150996234492605,-0.23669872275636045,0.8380881048918407
-0.5388789675371861,-0.2595104333751149,0.8014136218679567
-0.58403360346266,-0.28125575995831775,0.7614459583691344
-0.6267883200366905,-0.30184534629468046,0.7183493500977276
-0.6669674289580173,-0.32119458535749457,0.6723008902613169
-0.7044058256496909,-0.3392239669730523,0.6234898018587336
-0.738949667709194,-0.355859404545005,0.5721166601221697
-0.7704570070798734,-0.3710325394920793,0.5183925683105252
-0.7987983733459518,-0.38468102214815064,0.4625382902408354
-0.8238573057542381,-0.39674876797039466,0.404783343122394
-0.8455308317763423,-0.40718618800270456,0.3453650544213078
-0.8637298902448828,-0.4159503926473479,0.28452758663103267
-0.8783796973249267,-0.42300536790752385,0.22252093395631445
-0.8894200538168082,-0.4283221233766009,0.15959989503337932
-0.8968055925275533,-0.4318788113659162,0.09602302590768189
-0.9005059646944064,-0.43366081668161444,0.03205157757165533
-0.9005059646944064,-0.43366081668161444,-0.032051577571654985
-0.8968055925275533,-0.4318788113659162,-0.09602302590768154
-0.8894200538168083,-0.42832212337660097,-0.15959989503337896
-0.8783796973249267,-0.42300536790752385,-0.22252093395631434
-0.8637298902448829,-0.41595039264734796,-0.28452758663103234
-0.8455308317763424,-0.40718618800270456,-0.3453650544213075
-0.8238573057542382,-0.3967487679703947,-0.40478334312239367
-0.7987983733459519,-0.38468102214815064,-0.4625382902408351
-0.7704570070798735,-0.37103253949207937,-0.518392568310525
-0.7389496677091942,-0.3558594045450051,-0.5721166601221694
-0.704405825649691,-0.3392239669730523,-0.6234898018587335
-0.6669674289580175,-0.3211945853574947,-0.6723008902613166
-0.6267883200366906,-0.30184534629468046,-0.7183493500977275
-0.5840336034626603,-0.28125575995831786,-0.7614459583691342
-0.5388789675371863,-0.25951043337511503,-0.8014136218679565
-0.49150996234492644,-0.23669872275636064,-0.8380881048918404
-0.4421212372888346,-0.2129143663140834,-0.8713187041233892
-0.390915741234015,-0.18825509907063323,-0.900968867902419
-0.3381038885473016,-0.16282225124450989,-0.9269167573460216
-0.28390269445949035,-0.1367203318627593,-0.9490557470106686
-0.22853488330320842,-0.1100565993109656,-0.9672948630390293
-0.1722279732908545,-0.08294062058553646,-0.9815591569910653
-0.11521334159346443,-0.0554838210594142,-0.991790013823246
-0.05772527356228215,-0.027799026611316332,-0.9979453927503363
-1.1033686402081121e-16,-5.3135433231240263e-17,-1.0
-0.0,-0.0,1.0
-0.05369648924363904,-0.03495254112771633,0.9979453927503363
-0.10717232809511515,-0.06976145476664232,0.9917900138232462
-0.16020777286205615,-0.10428370362414704,0.9815591569910653
-0.21258488952584742,-0.13837742837467587,0.9672948630390295
-0.26408844927926123,-0.17190253059014787,0.9490557470106686
-0.3145068129477918,-0.20472124843444775,0.9269167573460217
-0.36363280066042014,-0.23669872275636045,0.9009688679024191
-0.41126454319614364,-0.2677035512547504,0.8713187041233894
-0.45720631150790625,-0.29760832843880297,0.8380881048918407
-0.5012693210152367,-0.3262901691645142,0.8014136218679567
-0.5432725073605834,-0.3536312135961067,0.7614459583691344
-0.5830432704415981,-0.37951911151737533,0.7183493500977276
-0.6204181836619789,-0.40384748400282494,0.6723008902613169
-0.6552436654864096,-0.42651636055149333,0.6234898018587336
-0.6873766105400311,-0.44743258988718315,0.5721166601221697
-0.7166849776591231,-0.46651022273703696,0.5183925683105252
-0.7430483324765681,-0.48367086501553536,0.4625382902408354
-0.7663583423124994,-0.4988439999626097,0.404783343122394
-0.7865192213365199,-0.5119672779121354,0.3453650544213078
-0.8034481241722247,-0.5229867725000832,0.28452758663103267
-0.8170754863266235,-0.5318572022595174,0.22252093395631445
-0.8273453100455641,-0.538542116691855,0.15959989503337932
-0.8342153944205151,-0.5430140460497842,0.09602302590768189
-0.8376575088011512,-0.5452546142163471,0.03205157757165533
-0.8376575088011512,-0.5452546142163471,-0.032051577571654985
-0.8342153944205151,-0.5430140460497842,-0.09602302590768154
-0.8273453100455642,-0.5385421166918551,-0.15959989503337896
-0.8170754863266235,-0.5318572022595174,-0.22252093395631434
-0.8034481241722248,-0.5229867725000833,-0.28452758663103234
-0.78651922133652,-0.5119672779121354,-0.3453650544213075
-0.7663583423124996,-0.4988439999626098,-0.40478334312239367
-0.7430483324765682,-0.4836708650155354,-0.4625382902408351
-0.7166849776591232,-0.466510222737037,-0.518392568310525
-0.6873766105400313,-0.44743258988718326,-0.5721166601221694
-0.6552436654864097,-0.4265163605514934,-0.6234898018587335
-0.620418183661979,-0.40384748400282505,-0.6723008902613166
-0.5830432704415982,-0.3795191115173754,-0.7183493500977275
-0.5432725073605837,-0.3536312135961069,-0.7614459583691342
-0.5012693210152369,-0.3262901691645143,-0.8014136218679565
-0.45720631150790664,-0.2976083284388032,-0.8380881048918404
-0.41126454319614386,-0.2677035512547506,-0.8713187041233892
-0.36363280066042025,-0.23669872275636053,-0.900968867902419
-0.31450681294779215,-0.20472124843444797,-0.9269167573460216
-0.2640884492792614,-0.17190253059014798,-0.9490557470106686
-0.2125848895258478,-0.13837742837467612,-0.9672948630390293
-0.16020777286205637,-0.10428370362414718,-0.9815591569910653
-0.10717232809511557,-0.06976145476664258,-0.991790013823246
-0.0536964892436393,-0.0349525411277165,-0.9979453927503363
-1.0263619150592641e-16,-6.680875705906658e-17,-1.0
-0.0,-0.0,1.0
-0.04878601005613522,-0.04153213588511452,0.9979453927503363
-0.09737154793238345,-0.0828936073152619,0.9917900138232462
-0.145556965232046,-0.12391445113232787,0.9815591569910653
-0.1931442577396989,-0.16442610389012466,0.9672948630390295
-0.23993787906298605,-0.2042620945177483,0.9490557470106686
-0.2857455441746897,-0.24325872838491658,0.9269167573460217
-0.33037901955315263,-0.2812557599583177,0.9009688679024191
-0.3736548966741941,-0.31809705128487875,0.8713187041233894
-0.4153953456760774,-0.35363121359610666,0.8380881048918407
-0.4554288461005554,-0.3877122293970108,0.8014136218679567
-0.4935908917072252,-0.42020005248331027,0.7614459583691344
-0.5297246664649558,-0.4509611834213271,0.7183493500977276
-0.5636816889425971,-0.4798692181257953,0.6723008902613169
-0.5953224224510303,-0.50680536728136,0.6234898018587336
-0.624516848429353,-0.5316589444733554,0.5721166601221697
-0.6511450007190356,-0.5543278210220237,0.5183925683105252
-0.675097458530599,-0.5747188456511678,0.4625382902408354
-0.6962757960771095,-0.5927482272667255,0.404783343122394
-0.7145929870268493,-0.6083418792723483,0.3453650544213078
-0.7299737621131808,-0.621435724007117,0.28452758663103267
-0.7423549184321082,-0.6319759560543958,0.22252093395631445
-0.7516855791565674,-0.6399192633398295,0.15959989503337932
-0.7579274026002214,-0.6452330051099484,0.09602302590768189
-0.7610547397716729,-0.647895346060025,0.03205157757165533
-0.7610547397716729,-0.647895346060025,-0.032051577571654985
-0.7579274026002214,-0.6452330051099484,-0.09602302590768154
-0.7516855791565675,-0.6399192633398295,-0.15959989503337896
-0.7423549184321082,-0.6319759560543958,-0.22252093395631434
-0.7299737621131809,-0.6214357240071171,-0.28452758663103234
-0.7145929870268494,-0.6083418792723483,-0.3453650544213075
-0.6962757960771095,-0.5927482272667256,-0.40478334312239367
-0.6750974585305991,-0.5747188456511679,-0.4625382902408351
-0.6511450007190356,-0.5543278210220238,-0.518392568310525
-0.6245168484293532,-0.5316589444733556,-0.5721166601221694
-0.5953224224510303,-0.5068053672813602,-0.6234898018587335
-0.5636816889425972,-0.4798692181257954,-0.6723008902613166
-0.5297246664649558,-0.4509611834213272,-0.7183493500977275
-0.4935908917072255,-0.4202000524833105,-0.7614459583691342
-0.45542884610055556,-0.38771222939701094,-0.8014136218679565
-0.4153953456760777,-0.35363121359610694,-0.8380881048918404
-0.3736548966741943,-0.3180970512848789,-0.8713187041233892
-0.33037901955315274,-0.2812557599583178,-0.900968867902419
-0.28574554417469,-0.24325872838491683,-0.9269167573460216
-0.23993787906298622,-0.20426209451774843,-0.9490557470106686
-0.19314425773969923,-0.16442610389012494,-0.9672948630390293
-0.14555696523204617,-0.12391445113232803,-0.9815591569910653
-0.09737154793238384,-0.08289360731526223,-0.991790013823246
-0.04878601005613546,-0.04153213588511473,-0.9979453927503363
-9.325023556404495e-17,-7.938508294301079e-17,-1.0
-0.0,-0.0,1.0
-0.04307446593227171,-0.047429774119497,0.9979453927503363
-0.08597192964458376,-0.09466464912348235,0.9917900138232462
-0.12851611625706513,-0.14151052677871576,0.9815591569910653
-0.17053220258122573,-0.1877749073255026,0.9672948630390295
-0.21184753550593735,-0.23326768050049765,0.9490557470106686
-0.2522923414661012,-0.2778019067405556,0.9269167573460217
-0.29170042407864333,-0.32119458535749457,0.9009688679024191
-0.32990984707910154,-0.363267406527177,0.8713187041233894
-0.36676359975247147,-0.4038474840028249,0.8380881048918407
-0.402110242123913,-0.44276806554169157,0.8014136218679567
-0.4358045272580911,-0.4798692181257953,0.7614459583691344
-0.4677079981099876,-0.5149984851609956,0.7183493500977276
-0.4976895564745992,-0.5480115129538407,0.6723008902613169
-0.5256260016975817,-0.5787726438918576,0.6234898018587336
-0.551402536933165,-0.60715547388978,0.5721166601221697
-0.5749132408690166,-0.6330433718110486,0.5183925683105252
-0.596061502979634,-0.6563299587301682,0.4625382902408354
-0.6147604205197167,-0.676919545066531,0.404783343122394
-0.6309331556261872,-0.6947275237934282,0.3453650544213078
-0.6445132510614523,-0.7096807181064718,0.28452758663103267
-0.6554449033004471,-0.7217176821227792,0.22252093395631445
-0.6636831918392894,-0.7307889533752868,0.15959989503337932
-0.669194263783266,-0.7368572560646365,0.09602302590768189
-0.6719554729556376,-0.7398976542334308,0.03205157757165533
-0.6719554729556376,-0.7398976542334308,-0.032051577571654985
-0.669194263783266,-0.7368572560646365,-0.09602302590768154
-0.6636831918392895,-0.7307889533752868,-0.15959989503337896
-0.6554449033004471,-0.7217176821227792,-0.22252093395631434
-0.6445132510614524,-0.7096807181064719,-0.28452758663103234
-0.6309331556261873,-0.6947275237934283,-0.3453650544213075
-0.6147604205197168,-0.676919545066531,-0.40478334312239367
-0.5960615029796341,-0.6563299587301683,-0.4625382902408351
-0.5749132408690166,-0.6330433718110487,-0.518392568310525
-0.5514025369331651,-0.6071554738897802,-0.5721166601221694
-0.5256260016975818,-0.5787726438918577,-0.6234898018587335
-0.4976895564745994,-0.5480115129538409,-0.6723008902613166
-0.4677079981099877,-0.5149984851609957,-0.7183493500977275
-0.4358045272580913,-0.4798692181257956,-0.7614459583691342
-0.40211024212391316,-0.44276806554169174,-0.8014136218679565
-0.36676359975247175,-0.4038474840028252,-0.8380881048918404
-0.3299098470791017,-0.3632674065271772,-0.8713187041233892
-0.29170042407864344,-0.3211945853574946,-0.900968867902419
-0.25229234146610147,-0.2778019067405559,-0.9269167573460216
-0.2118475355059375,-0.23326768050049781,-0.9490557470106686
-0.17053220258122603,-0.18777490732550292,-0.9672948630390293
-0.1285161162570653,-0.14151052677871595,-0.9815591569910653
-0.0859719296445841,-0.09466464912348271,-0.991790013823246
-0.043074465932271926,-0.04742977411949723,-0.9979453927503363
-8.233311333224379e-17,-9.065790795974986e-17,-1.0
-0.0,-0.0,1.0
-0.036655640268658196,-0.052548616774104225,0.9979453927503363
-0.07316065464884229,-0.10488130001024071,0.9917900138232462
-0.1093650362061631,-0.15678300348766683,0.9815591569910653
-0.14512001337098607,-0.2080404519739133,0.9672948630390295
-0.1802786612727224,-0.258443017618462,0.9490557470106686
-0.21469650548563757,-0.307783585467763,0.9269167573460217
-0.24823211570525627,-0.355859404545005,0.9009688679024191
-0.2807476869158202,-0.40247292099736853,0.8713187041233894
-0.31210960566065704,-0.4474325898871831,0.8380881048918407
-0.34218899908853373,-0.4905536622911617,0.8014136218679567
-0.37086226451984566,-0.5316589444733555,0.7614459583691344
-0.39801157735653914,-0.5705795260122221,0.7183493500977276
-0.423525375248659,-0.6071554738897801,0.6723008902613169
-0.4472988165279741,-0.6412364896906843,0.6234898018587336
-0.4692342110248805,-0.6726825272106536,0.5721166601221697
-0.48924142149826294,-0.7013643679363648,0.5183925683105252
-0.5072382340287533,-0.7271641520320404,0.4625382902408354
-0.5231506958533595,-0.7499758626507949,0.404783343122394
-0.5369134192532319,-0.7697057615805992,0.3453650544213078
-0.5484698502458255,-0.7862727744347008,0.28452758663103267
-0.5577725009773452,-0.799608823803669,0.22252093395631445
-0.5647831448605226,-0.8096591090000731,0.15959989503337932
-0.5694729736558635,-0.8163823312462617,0.09602302590768189
-0.5718227158508826,-0.8197508633798984,0.03205157757165533
-0.5718227158508826,-0.8197508633798984,-0.032051577571654985
-0.5694729736558635,-0.8163823312462617,-0.09602302590768154
-0.5647831448605226,-0.8096591090000731,-0.15959989503337896
-0.5577725009773452,-0.799608823803669,-0.22252093395631434
-0.5484698502458256,-0.7862727744347009,-0.28452758663103234
-0.536913419253232,-0.7697057615805993,-0.3453650544213075
-0.5231506958533596,-0.749975862650795,-0.40478334312239367
-0.5072382340287533,-0.7271641520320405,-0.4625382902408351
-0.489241421498263,-0.7013643679363649,-0.518392568310525
-0.4692342110248806,-0.6726825272106538,-0.5721166601221694
-0.4472988165279742,-0.6412364896906843,-0.6234898018587335
-0.42352537524865913,-0.6071554738897802,-0.6723008902613166
-0.3980115773565392,-0.5705795260122222,-0.7183493500977275
-0.37086226451984583,-0.5316589444733557,-0.7614459583691342
-0.3421889990885339,-0.4905536622911619,-0.8014136218679565
-0.31210960566065726,-0.4474325898871835,-0.8380881048918404
-0.28074768691582036,-0.40247292099736875,-0.8713187041233892
-0.24823211570525633,-0.35585940454500503,-0.900968867902419
-0.2146965054856378,-0.3077835854677633,-0.9269167573460216
-0.18027866127272255,-0.25844301761846217,-0.9490557470106686
-0.14512001337098632,-0.20804045197391366,-0.9672948630390293
-0.10936503620616324,-0.15678300348766702,-0.9815591569910653
-0.07316065464884258,-0.10488130001024112,-0.991790013823246
-0.03665564026865838,-0.05254861677410449,-0.9979453927503363
-7.006408365574896e-17,-1.0044213263416298e-16,-1.0
-0.0,-0.0,1.0
-0.029634930005233154,-0.05680461259406559,0.9979453927503363
-0.05914808372640226,-0.11337580285043099,0.9917900138232462
-0.08841818528431541,-0.16948110761385052,0.9815591569910653
-0.11732495755325402,-0.22488997815250114,0.9672948630390295
-0.14574961640548187,-0.2793747275321741,0.9490557470106686
-0.1735753588207049,-0.3327114662307263,0.9269167573460217
-0.20068784285473598,-0.3846810221481507,0.9009688679024191
-0.2269756574950696,-0.43506984123174786,0.8713187041233894
-0.25233078047263013,-0.48367086501553547,0.8380881048918407
-0.276649022148446,-0.530284381467899,0.8014136218679567
-0.2998304536512248,-0.574718845651168,0.7614459583691344
-0.32177981750651996,-0.6167916668208505,0.7183493500977276
-0.3424069190701265,-0.6563299587301684,0.6723008902613169
-0.36162699715722013,-0.6931712500567295,0.6234898018587336
-0.37936107234424704,-0.7271641520320407,0.5721166601221697
-0.39553627151231663,-0.7581689805304306,0.5183925683105252
-0.41008612729847793,-0.7860583300610847,0.4625382902408354
-0.42295085122437137,-0.8107175973045347,0.404783343122394
-0.43407757937991076,-0.8320454520422813,0.3453650544213078
-0.44342058965242936,-0.8499542535443964,0.28452758663103267
-0.45094148960864794,-0.8643704107040818,0.22252093395631445
-0.4566093742574183,-0.8752346844393125,0.15959989503337932
-0.4604009530449614,-0.8825024311189311,0.09602302590768189
-0.46230064556074807,-0.8861437860129042,0.03205157757165533
-0.46230064556074807,-0.8861437860129042,-0.032051577571654985
-0.4604009530449614,-0.8825024311189311,-0.09602302590768154
-0.4566093742574184,-0.8752346844393126,-0.15959989503337896
-0.45094148960864794,-0.8643704107040818,-0.22252093395631434
-0.4434205896524294,-0.8499542535443965,-0.28452758663103234
-0.4340775793799108,-0.8320454520422814,-0.3453650544213075
-0.4229508512243714,-0.8107175973045349,-0.40478334312239367
-0.410086127298478,-0.7860583300610848,-0.4625382902408351
-0.3955362715123167,-0.7581689805304307,-0.518392568310525
-0.37936107234424715,-0.7271641520320408,-0.5721166601221694
-0.3616269971572202,-0.6931712500567296,-0.6234898018587335
-0.3424069190701266,-0.6563299587301686,-0.6723008902613166
-0.32177981750652,-0.6167916668208506,-0.7183493500977275
-0.2998304536512249,-0.5747188456511684,-0.7614459583691342
-0.2766490221484461,-0.5302843814678992,-0.8014136218679565
-0.25233078047263036,-0.48367086501553586,-0.8380881048918404
-0.22697565749506973,-0.4350698412317481,-0.8713187041233892
-0.200687842854736,-0.3846810221481508,-0.900968867902419
-0.17357535882070507,-0.3327114662307266,-0.9269167573460216
-0.14574961640548198,-0.27937472753217435,-0.9490557470106686
-0.11732495755325423,-0.22488997815250153,-0.9672948630390293
-0.08841818528431553,-0.16948110761385074,-0.9815591569910653
-0.05914808372640249,-0.11337580285043143,-0.991790013823246
-0.029634930005233304,-0.05680461259406588,-0.9979453927503363
-5.664460366265284e-17,-1.085771002675958e-16,-1.0
-0.0,-0.0,1.0
-0.0221276150104241,-0.060127878245680666,0.9979453927503363
-0.04416430290441184,-0.1200086781422604,0.9917900138232462
-0.06601951020455209,-0.17939633663857285,0.9815591569910653
-0.08760342917612128,-0.23804681710724385,0.9672948630390295
-0.10882736686632918,-0.2957191121435391,0.9490557470106686
-0.12960410956268634,-0.3521762339164859,0.9269167573460217
-0.14984828117285615,-0.4071861880027046,0.9009688679024191
-0.1694766940533311,-0.4605229267012567,0.8713187041233894
-0.1884086908453041,-0.5119672779121354,0.8380881048918407
-0.20656647591305627,-0.5613078457614363,0.8014136218679567
-0.2238754350229116,-0.6083418792723484,0.7614459583691344
-0.24026444194912755,-0.6528761055124064,0.7183493500977276
-0.2556661507468133,-0.6947275237934284,0.6723008902613169
-0.27001727249086316,-0.7337241576605967,0.6234898018587336
-0.28325883534372465,-0.7697057615805993,0.5721166601221697
-0.2953364268833292,-0.8025244794248992,0.5183925683105252
-0.30620041769540524,-0.8320454520422812,0.4625382902408354
-0.31580616531138717,-0.8581473714240317,0.404783343122394
-0.32411419765389465,-0.880722979184567,0.3453650544213078
-0.3310903752359649,-0.8996795073091463,0.28452758663103267
-0.33670603144752786,-0.9149390593575433,0.22252093395631445
-0.3409380903526556,-0.9264389305572271,0.15959989503337932
-0.34376916151353326,-0.9341318654707241,0.09602302590768189
-0.34518761145149796,-0.9379862521783451,0.03205157757165533
-0.34518761145149796,-0.9379862521783451,-0.032051577571654985
-0.34376916151353326,-0.9341318654707241,-0.09602302590768154
-0.34093809035265565,-0.9264389305572273,-0.15959989503337896
-0.33670603144752786,-0.9149390593575433,-0.22252093395631434
-0.33109037523596496,-0.8996795073091464,-0.28452758663103234
-0.3241141976538947,-0.8807229791845671,-0.3453650544213075
-0.3158061653113872,-0.8581473714240319,-0.40478334312239367
-0.30620041769540524,-0.8320454520422813,-0.4625382902408351
-0.29533642688332923,-0.8025244794248994,-0.518392568310525
-0.28325883534372476,-0.7697057615805996,-0.5721166601221694
-0.2700172724908632,-0.7337241576605968,-0.6234898018587335
-0.2556661507468134,-0.6947275237934285,-0.6723008902613166
-0.24026444194912758,-0.6528761055124064,-0.7183493500977275
-0.2238754350229117,-0.6083418792723487,-0.7614459583691342
-0.20656647591305635,-0.5613078457614366,-0.8014136218679565
-0.18840869084530423,-0.5119672779121358,-0.8380881048918404
-0.1694766940533312,-0.46052292670125694,-0.8713187041233892
-0.14984828117285617,-0.4071861880027047,-0.900968867902419
-0.12960410956268648,-0.3521762339164862,-0.9269167573460216
-0.10882736686632927,-0.2957191121435393,-0.9490557470106686
-0.08760342917612143,-0.23804681710724426,-0.9672948630390293
-0.06601951020455217,-0.1793963366385731,-0.9815591569910653
-0.044164302904412006,-0.12000867814226086,-0.991790013823246
-0.02212761501042421,-0.060127878245680964,-0.9979453927503363
-4.2295020843440646e-17,-1.1492923491641061e-16,-1.0
-0.0,-0.0,1.0
-0.014256965188894764,-0.0624638457988266,0.9979453927503363
-0.028455345449718922,-0.12467101425681293,0.9917900138232462
-0.042536796592437726,-0.1863658827753693,0.9815591569910653
-0.05644345491384394,-0.24729493390624518,0.9672948630390295
-0.07011817497192607,-0.3072077971091034,0.9490557470106686
-0.08350476440874718,-0.3658582775777744,0.9269167573460217
-0.09654821485689698,-0.42300536790752397,0.9009688679024191
-0.10919492798067262,-0.4784142384461746,0.8713187041233894
-0.12139293572313709,-0.5318572022595175,0.8380881048918407
-0.13309211385401212,-0.5831146507457641,0.8014136218679567
-0.14424438794089217,-0.631975956054396,0.7614459583691344
-0.15480393089739888,-0.6782403366011829,0.7183493500977276
-0.16472735129650912,-0.7217176821227794,0.6723008902613169
-0.17397387167523598,-0.7622293348805763,0.6234898018587336
-0.18250549609797084,-0.7996088238036693,0.5721166601221697
-0.190287166289933,-0.833702548554198,0.5183925683105252
-0.19728690569914065,-0.8643704107040818,0.4625382902408354
-0.203475950894922,-0.891486389429511,0.404783343122394
-0.20882886976302148,-0.9149390593575433,0.3453650544213078
-0.21332366601161265,-0.9346320484368628,0.28452758663103267
-0.21694186955877925,-0.9504844339512096,0.22252093395631445
-0.21966861243004368,-0.962431075048179,0.15959989503337932
-0.22149268985406353,-0.9704228804169575,0.09602302590768189
-0.22240660630544004,-0.9744270100150474,0.03205157757165533
-0.22240660630544004,-0.9744270100150474,-0.032051577571654985
-0.22149268985406353,-0.9704228804169575,-0.09602302590768154
-0.2196686124300437,-0.9624310750481792,-0.15959989503337896
-0.21694186955877925,-0.9504844339512096,-0.22252093395631434
-0.21332366601161268,-0.9346320484368629,-0.28452758663103234
-0.2088288697630215,-0.9149390593575434,-0.3453650544213075
-0.20347595089492201,-0.8914863894295111,-0.40478334312239367
-0.19728690569914067,-0.8643704107040819,-0.4625382902408351
-0.19028716628993303,-0.8337025485541981,-0.518392568310525
-0.1825054960979709,-0.7996088238036695,-0.5721166601221694
-0.173973871675236,-0.7622293348805764,-0.6234898018587335
-0.16472735129650917,-0.7217176821227796,-0.6723008902613166
-0.1548039308973989,-0.678240336601183,-0.7183493500977275
-0.14424438794089225,-0.6319759560543963,-0.7614459583691342
-0.13309211385401218,-0.5831146507457643,-0.8014136218679565
-0.12139293572313718,-0.5318572022595179,-0.8380881048918404
-0.10919492798067268,-0.47841423844617487,-0.8713187041233892
-0.096548214856897,-0.4230053679075241,-0.900968867902419
-0.08350476440874727,-0.3658582775777748,-0.9269167573460216
-0.07011817497192611,-0.30720779710910356,-0.9490557470106686
-0.05644345491384404,-0.24729493390624563,-0.9672948630390293
-0.04253679659243778,-0.18636588277536956,-0.9815591569910653
-0.028455345449719033,-0.12467101425681341,-0.991790013823246
-0.014256965188894835,-0.06246384579882691,-0.9979453927503363
-2.7250954951288024e-17,-1.1939423470528823e-16,-1.0
-0.0,-0.0,1.0
-0.006152216393118909,-0.06377415873086201,0.9979453927503363
-0.012279152009432215,-0.12728625576398475,0.9917900138232462
-0.01835562995626892,-0.19027530626935707,0.9815591569910653
-0.024356680682345033,-0.25248247472734336,0.9672948630390295
-0.030257644583005772,-0.31365213853935403,0.9490557470106686
-0.036034273331830534,-0.37353293843593377,0.9269167573460217
-0.041662829522207415,-0.43187881136591627,0.9009688679024191
-0.04712018420942863,-0.48845000162228164,0.8713187041233894
-0.05238391195248549,-0.5430140460497843,0.8380881048918407
-0.05743238296501571,-0.5953467292859208,0.8014136218679567
-0.062244851996735184,-0.6452330051099486,0.7614459583691344
-0.06680154358012118,-0.6924678801139339,0.7183493500977276
-0.07108373329205028,-0.7368572560646366,0.6723008902613169
-0.0750738246964694,-0.778218727494784,0.6234898018587336
-0.07875542165192581,-0.8163823312462618,0.5721166601221697
-0.08211339568682949,-0.8511912448851877,0.5183925683105252
-0.08513394816558786,-0.8825024311189311,0.4625382902408354
-0.08780466699015921,-0.9101872255670288,0.404783343122394
-0.090114577604026,-0.9341318654707241,0.3453650544213078
-0.09205418808900157,-0.9542379571685434,0.28452758663103267
-0.093615528169558,-0.9704228804169573,0.22252093395631445
-0.0947921819643979,-0.9826201278946827,0.15959989503337932
-0.09557931435068683,-0.9907795784955327,0.09602302590768189
-0.09597369083261015,-0.9948677032867912,0.03205157757165533
-0.09597369083261015,-0.9948677032867912,-0.032051577571654985
-0.09557931435068683,-0.9907795784955327,-0.09602302590768154
-0.09479218196439791,-0.9826201278946828,-0.15959989503337896
-0.093615528169558,-0.9704228804169573,-0.22252093395631434
-0.09205418808900158,-0.9542379571685435,-0.28452758663103234
-0.09011457760402601,-0.9341318654707242,-0.3453650544213075
-0.08780466699015922,-0.9101872255670289,-0.40478334312239367
-0.08513394816558788,-0.8825024311189312,-0.4625382902408351
-0.0821133956868295,-0.8511912448851878,-0.518392568310525
-0.07875542165192584,-0.816382331246262,-0.5721166601221694
-0.07507382469646941,-0.7782187274947842,-0.6234898018587335
-0.07108373329205031,-0.7368572560646368,-0.6723008902613166
-0.06680154358012118,-0.692467880113934,-0.7183493500977275
-0.06224485199673521,-0.6452330051099489,-0.7614459583691342
-0.05743238296501573,-0.595346729285921,-0.8014136218679565
-0.05238391195248553,-0.5430140460497848,-0.8380881048918404
-0.04712018420942866,-0.4884500016222819,-0.8713187041233892
-0.04166282952220742,-0.4318788113659164,-0.900968867902419
-0.03603427333183057,-0.37353293843593416,-0.9269167573460216
-0.030257644583005793,-0.31365213853935425,-0.9490557470106686
-0.024356680682345075,-0.2524824747273438,-0.9672948630390293
-0.018355629956268944,-0.19027530626935732,-0.9815591569910653
-0.012279152009432264,-0.12728625576398525,-0.991790013823246
-0.00615221639311894,-0.06377415873086233,-0.9979453927503363
-1.1759429132228667e-17,-1.2189878446113672e-16,-1.0
0.0,-0.0,1.0
0.0020535516257448112,-0.06403730173966846,0.9979453927503363
0.004098664767373994,-0.1278114604705305,0.9917900138232462
0.006126935616313203,-0.19106041449484681,0.9815591569910653
0.008130029572581412,-0.25352426029367336,0.9672948630390295
0.010099715493450009,-0.31494632052617,0.9490557470106686
0.012027899516973842,-0.37507419877185066,0.9269167573460217
0.013906658321406074,-0.43366081668161455,0.9009688679024191
0.015728271683826792,-0.49046542927568015,0.8713187041233894
0.01748525420419497,-0.5452546142163472,0.8380881048918407
0.019170386064462846,-0.5978032309904515,0.8014136218679567
0.02077674269635693,-0.6478953460600252,0.7614459583691344
0.022297723235914352,-0.6953251201795222,0.7183493500977276
0.023727077647848763,-0.739897654233431,0.6723008902613169
0.025058932408285974,-0.7814297901185455,0.6234898018587336
0.02628781464033339,-0.8197508633798987,0.5721166601221697
0.02740867460330512,-0.854703404507615,0.5183925683105252
0.028416906443189602,-0.8861437860129042,0.4625382902408354
0.029308367119091704,-0.9139428126242204,0.404783343122394
0.030079393427876425,-0.9379862521783452,0.3453650544213078
0.03072681705705635,-0.958175305024849,0.28452758663103267
0.031247977604067237,-0.9744270100150474,0.22252093395631445
0.031640733508432835,-0.9866745854071557,0.15959989503337932
0.03190347085189623,-0.9948677032867913,0.09602302590768189
0.03203510999035615,-0.9989726963751682,0.03205157757165533
0.03203510999035615,-0.9989726963751682,-0.032051577571654985
0.03190347085189623,-0.9948677032867913,-0.09602302590768154
0.031640733508432835,-0.9866745854071558,-0.15959989503337896
0.031247977604067237,-0.9744270100150474,-0.22252093395631434
0.030726817057056353,-0.9581753050248492,-0.28452758663103234
0.030079393427876428,-0.9379862521783453,-0.3453650544213075
0.029308367119091707,-0.9139428126242205,-0.40478334312239367
0.028416906443189605,-0.8861437860129043,-0.4625382902408351
0.027408674603305122,-0.8547034045076151,-0.518392568310525
0.026287814640333397,-0.8197508633798989,-0.5721166601221694
0.025058932408285977,-0.7814297901185456,-0.6234898018587335
0.02372707764784877,-0.7398976542334312,-0.6723008902613166
0.022297723235914356,-0.6953251201795223,-0.7183493500977275
0.02077674269635694,-0.6478953460600255,-0.7614459583691342
0.019170386064462853,-0.5978032309904517,-0.8014136218679565
0.017485254204194983,-0.5452546142163477,-0.8380881048918404
0.0157282716838268,-0.49046542927568043,-0.8713187041233892
0.013906658321406078,-0.43366081668161466,-0.900968867902419
0.012027899516973854,-0.37507419877185105,-0.9269167573460216
0.010099715493450017,-0.3149463205261702,-0.9490557470106686
0.008130029572581425,-0.2535242602936738,-0.9672948630390293
0.006126935616313211,-0.19106041449484706,-0.9815591569910653
0.004098664767374011,-0.127811460470531,-0.991790013823246
0.0020535516257448212,-0.06403730173966878,-0.9979453927503363
3.925186188075022e-18,-1.2240175954620718e-16,-1.0
0.0,-0.0,1.0
0.010225600383687245,-0.06324895402431632,0.9979453927503363
0.020409181582013516,-0.12623800452968864,0.9917900138232462
0.030508897075463573,-0.1887083159964814,0.9815591569910653
0.040483244966692644,-0.2504031845150378,0.9672948630390295
0.05029123852072477,-0.31106909263710725,0.9490557470106686
0.059892574588238406,-0.37045675113341975,0.9269167573460217
0.06924779921985201,-0.42832212337660114,0.9009688679024191
0.07831846979086489,-0.4844274281400206,0.8713187041233894
0.08706731297024801,-0.5385421166918554,0.8380881048918407
0.09545837788475632,-0.5904438201692814,0.8014136218679567
0.10345718384877835,-0.6399192633398298,0.7614459583691344
0.11103086205286938,-0.6867651409950633,0.7183493500977276
0.11814829062873995,-0.7307889533752872,0.6723008902613169
0.12478022253568818,-0.7718097971923532,0.6234898018587336
0.13089940574296346,-0.8096591090000734,0.5721166601221697
0.13648069521420642,-0.8441813578575782,0.5183925683105252
0.1415011562337969,-0.8752346844393127,0.4625382902408354
0.14594015865051987,-0.9026914839654351,0.404783343122394
0.149779461651282,-0.9264389305572275,0.3453650544213078
0.15300328871652527,-0.9463794408628328,0.28452758663103267
0.1555983924493298,-0.9624310750481793,0.22252093395631445
0.15755410901180952,-0.9745278735053344,0.15959989503337932
0.15886240194510934,-0.982620127894683,0.09602302590768189
0.15951789519293835,-0.9866745854071559,0.03205157757165533
0.15951789519293835,-0.9866745854071559,-0.032051577571654985
0.15886240194510934,-0.982620127894683,-0.09602302590768154
0.15755410901180955,-0.9745278735053345,-0.15959989503337896
0.1555983924493298,-0.9624310750481793,-0.22252093395631434
0.15300328871652527,-0.9463794408628329,-0.28452758663103234
0.14977946165128203,-0.9264389305572275,-0.3453650544213075
0.1459401586505199,-0.9026914839654352,-0.40478334312239367
0.14150115623379692,-0.8752346844393128,-0.4625382902408351
0.13648069521420644,-0.8441813578575783,-0.518392568310525
0.1308994057429635,-0.8096591090000737,-0.5721166601221694
0.1247802225356882,-0.7718097971923533,-0.6234898018587335
0.11814829062874,-0.7307889533752874,-0.6723008902613166
0.1110308620528694,-0.6867651409950634,-0.7183493500977275
0.1034571838487784,-0.6399192633398302,-0.7614459583691342
0.09545837788475636,-0.5904438201692817,-0.8014136218679565
0.08706731297024808,-0.5385421166918558,-0.8380881048918404
0.07831846979086493,-0.4844274281400209,-0.8713187041233892
0.06924779921985204,-0.42832212337660125,-0.900968867902419
0.05989257458823847,-0.37045675113342014,-0.9269167573460216
0.050291238520724806,-0.31106909263710747,-0.9490557470106686
0.04048324496669272,-0.25040318451503824,-0.9672948630390293
0.030508897075463615,-0.18870831599648166,-0.9815591569910653
0.020409181582013596,-0.12623800452968914,-0.991790013823246
0.010225600383687295,-0.06324895402431663,-0.9979453927503363
1.9545350059688042e-17,-1.2089490112350823e-16,-1.0
0.0,-0.0,1.0
0.01822974506603157,-0.06142206023249661,0.9979453927503363
0.03638458019931877,-0.1225917240445073,0.9917900138232462
0.054389903288098986,-0.18325763216657678,0.9815591569910653
0.07217172659767072,-0.24317049536943494,0.9672948630390295
0.08965698080186585,-0.30208411884691244,0.9490557470106686
0.10677381524058402,-0.35975641388320767,0.9269167573460217
0.1234518931695671,-0.41595039264734807,0.9009688679024191
0.13962268078916837,-0.470435142027021,0.8713187041233894
0.15521972886443586,-0.5229867725000835,0.8380881048918407
0.17017894577927192,-0.5733893381446322,0.8014136218679567
0.18443886090263162,-0.6214357240071173,0.7614459583691344
0.19794087718453077,-0.6669284971821124,0.7183493500977276
0.21062951194389368,-0.7096807181064722,0.6723008902613169
0.22245262485879053,-0.7495167087340958,0.6234898018587336
0.23336163222220419,-0.7862727744347012,0.5721166601221697
0.2433117065829037,-0.8197978766501732,0.5183925683105252
0.25226196095105663,-0.8499542535443966,0.4625382902408354
0.26017561681164075,-0.8766179860961903,0.404783343122394
0.2670201552552511,-0.8996795073091466,0.3453650544213078
0.2727674506052739,-0.9190440524459205,0.28452758663103267
0.277393885992325,-0.934632048436863,0.22252093395631445
0.2808804504010316,-0.9463794408628328,0.15959989503337932
0.2832128167903728,-0.9542379571685438,0.09602302590768189
0.2843814009665636,-0.9581753050248493,0.03205157757165533
0.2843814009665636,-0.9581753050248493,-0.032051577571654985
0.2832128167903728,-0.9542379571685438,-0.09602302590768154
0.28088045040103166,-0.9463794408628329,-0.15959989503337896
0.277393885992325,-0.934632048436863,-0.22252093395631434
0.2727674506052739,-0.9190440524459206,-0.28452758663103234
0.26702015525525113,-0.8996795073091467,-0.3453650544213075
0.2601756168116408,-0.8766179860961905,-0.40478334312239367
0.2522619609510567,-0.8499542535443967,-0.4625382902408351
0.24331170658290371,-0.8197978766501732,-0.518392568310525
0.23336163222220427,-0.7862727744347014,-0.5721166601221694
0.22245262485879055,-0.7495167087340959,-0.6234898018587335
0.21062951194389376,-0.7096807181064724,-0.6723008902613166
0.19794087718453082,-0.6669284971821126,-0.7183493500977275
0.18443886090263173,-0.6214357240071177,-0.7614459583691342
0.170178945779272,-0.5733893381446323,-0.8014136218679565
0.15521972886443597,-0.5229867725000839,-0.8380881048918404
0.13962268078916845,-0.4704351420270213,-0.8713187041233892
0.12345189316956715,-0.4159503926473482,-0.900968867902419
0.10677381524058413,-0.35975641388320806,-0.9269167573460216
0.0896569808018659,-0.30208411884691266,-0.9490557470106686
0.07217172659767085,-0.24317049536943536,-0.9672948630390293
0.054389903288099055,-0.18325763216657703,-0.9815591569910653
0.03638458019931891,-0.12259172404450779,-0.991790013823246
0.01822974506603166,-0.06142206023249692,-0.9979453927503363
3.4844579823681456e-17,-1.174029517666812e-16,-1.0
0.0,-0.0,1.0
0.025934557838380112,-0.058586617909763834,0.9979453927503363
0.051762545015657115,-0.11693249083974633,0.9917900138232462
0.0773778287924337,-0.1747978630829277,0.9815591569910653
0.10267515047320992,-0.2319449534126772,0.9672948630390295
0.12755055793694103,-0.2881389321768176,0.9490557470106686
0.1519018327986004,-0.3431488862630363,0.9269167573460217
0.17562891044644935,-0.39674876797039493,0.9009688679024191
0.19863429122899068,-0.44871832388781935,0.8713187041233894
0.22082344110195024,-0.4988439999626101,0.8380881048918407
0.2421051800889423,-0.546919819039852,0.8014136218679567
0.2623920569595507,-0.592748227266726,0.7614459583691344
0.28160070858519254,-0.6361409058836649,0.7183493500977276
0.29965220249609525,-0.6769195450665315,0.6723008902613169
0.31647236123174566,-0.7149165766399326,0.6234898018587336
0.3319920671519862,-0.7499758626507954,0.5721166601221697
0.34614754645622414,-0.7819533369727081,0.5183925683105252
0.35888063124365766,-0.8107175973045352,0.4625382902408354
0.3701389985376569,-0.8361504451306586,0.404783343122394
0.37987638529209883,-0.8581473714240322,0.3453650544213078
0.38805277849614633,-0.8766179860961906,0.28452758663103267
0.3946345795962933,-0.8914863894295113,0.22252093395631445
0.39959474256002714,-0.9026914839654353,0.15959989503337932
0.4029128850137784,-0.9101872255670294,0.09602302590768189
0.40457537199846527,-0.9139428126242208,0.03205157757165533
0.40457537199846527,-0.9139428126242208,-0.032051577571654985
0.4029128850137784,-0.9101872255670294,-0.09602302590768154
0.3995947425600272,-0.9026914839654354,-0.15959989503337896
0.3946345795962933,-0.8914863894295113,-0.22252093395631434
0.3880527784961464,-0.8766179860961907,-0.28452758663103234
0.3798763852920989,-0.8581473714240323,-0.3453650544213075
0.37013899853765697,-0.8361504451306587,-0.40478334312239367
0.3588806312436577,-0.8107175973045353,-0.4625382902408351
0.3461475464562242,-0.7819533369727082,-0.518392568310525
0.3319920671519863,-0.7499758626507956,-0.5721166601221694
0.3164723612317457,-0.7149165766399327,-0.6234898018587335
0.2996522024960953,-0.6769195450665316,-0.6723008902613166
0.2816007085851926,-0.636140905883665,-0.7183493500977275
0.2623920569595508,-0.5927482272667264,-0.7614459583691342
0.24210518008894238,-0.5469198190398522,-0.8014136218679565
0.2208234411019504,-0.4988439999626105,-0.8380881048918404
0.1986342912289908,-0.4487183238878196,-0.8713187041233892
0.1756289104464494,-0.39674876797039504,-0.900968867902419
0.15190183279860053,-0.34314888626303663,-0.9269167573460216
0.12755055793694114,-0.2881389321768178,-0.9490557470106686
0.1026751504732101,-0.23194495341267762,-0.9672948630390293
0.0773778287924338,-0.1747978630829279,-0.9815591569910653
0.051762545015657316,-0.11693249083974679,-0.991790013823246
0.02593455783838024,-0.058586617909764126,-0.9979453927503363
4.957166255030033e-17,-1.1198324918762505e-16,-1.0
0.0,-0.0,1.0
0.03321352588802205,-0.054789184940667195,0.9979453927503363
0.06629057027389126,-0.10935322936816988,0.9917900138232462
0.09909521248722232,-0.16346791792000462,0.9815591569910653
0.13149265121658696,-0.2169108817333476,0.9672948630390295
0.1633497584370174,-0.26946251220641004,0.9490557470106686
0.19453562646161687,-0.3209068634172888,0.9269167573460217
0.22492210586932454,-0.37103253949207954,0.9009688679024191
0.2543843320983747,-0.4196335632758672,0.8713187041233894
0.2828012385415645,-0.46651022273703724,0.8380881048918407
0.31005605403491165,-0.5114698916268519,0.8014136218679567
0.33603678269541437,-0.5543278210220242,0.7614459583691344
0.36063666413615775,-0.5949078984976721,0.7183493500977276
0.3837546121676437,-0.6330433718110491,0.6723008902613169
0.40529563018262676,-0.668577534122277,0.6234898018587336
0.42517120151754934,-0.7013643679363653,0.5721166601221697
0.44329965318649955,-0.7312691451204177,0.5183925683105252
0.459606491493029,-0.7581689805304308,0.4625382902408354
0.4740247081407304,-0.7819533369727081,0.404783343122394
0.4864950555847005,-0.8025244794248996,0.3453650544213078
0.4969662904924109,-0.8197978766501733,0.28452758663103267
0.505395384313553,-0.8337025485541983,0.22252093395631445
0.5117477000935807,-0.8441813578575783,0.15959989503337932
0.5159971348043865,-0.8511912448851882,0.09602302590768189
0.5181262266072427,-0.8547034045076153,0.03205157757165533
0.5181262266072427,-0.8547034045076153,-0.032051577571654985
0.5159971348043865,-0.8511912448851882,-0.09602302590768154
0.5117477000935807,-0.8441813578575784,-0.15959989503337896
0.505395384313553,-0.8337025485541983,-0.22252093395631434
0.496966290492411,-0.8197978766501735,-0.28452758663103234
0.4864950555847006,-0.8025244794248997,-0.3453650544213075
0.47402470814073044,-0.7819533369727081,-0.40478334312239367
0.45960649149302907,-0.7581689805304309,-0.4625382902408351
0.4432996531864996,-0.7312691451204179,-0.518392568310525
0.42517120151754945,-0.7013643679363655,-0.5721166601221694
0.4052956301826268,-0.6685775341222772,-0.6234898018587335
0.38375461216764384,-0.6330433718110492,-0.6723008902613166
0.3606366641361578,-0.5949078984976721,-0.7183493500977275
0.33603678269541454,-0.5543278210220244,-0.7614459583691342
0.31005605403491177,-0.5114698916268521,-0.8014136218679565
0.28280123854156475,-0.4665102227370376,-0.8380881048918404
0.25438433209837485,-0.4196335632758674,-0.8713187041233892
0.2249221058693246,-0.37103253949207965,-0.900968867902419
0.19453562646161707,-0.3209068634172891,-0.9269167573460216
0.16334975843701754,-0.26946251220641027,-0.9490557470106686
0.13149265121658718,-0.21691088173334797,-0.9672948630390293
0.09909521248722246,-0.16346791792000484,-0.9815591569910653
0.06629057027389151,-0.10935322936817031,-0.991790013823246
0.03321352588802221,-0.054789184940667465,-0.9979453927503363
6.348477994832595e-17,-1.0472478475285211e-16,-1.0
0.0,-0.0,1.0
0.039947128760820155,-0.05009211506957357,0.9979453927503363
0.07973010620092985,-0.09997839089360128,0.9917900138232462
0.11918545553260579,-0.14945383406414958,0.9815591569910653
0.1581510462622982,-0.19831513937278142,0.9672948630390295
0.1964667604196058,-0.24636152523526653,0.9490557470106686
0.23397515051636128,-0.29339555874617845,0.9269167573460217
0.27052208653213267,-0.3392239669730524,0.9009688679024191
0.3059573892675379,-0.3836584311563213,0.8713187041233894
0.3401354474627886,-0.42651636055149345,0.8380881048918407
0.3729158161455901,-0.4676216427336871,0.8014136218679567
0.4041637937496577,-0.5068053672813604,0.7614459583691344
0.433750975632346,-0.543906519865464,0.7183493500977276
0.46155578171686845,-0.5787726438918578,0.6723008902613169
0.4874639560909117,-0.6112604669781573,0.6234898018587336
0.5113690365086866,-0.6412364896906845,0.5721166601221697
0.5331727918671331,-0.6685775341222769,0.5183925683105252
0.5527856258585923,-0.6931712500567296,0.4625382902408354
0.5701269451412535,-0.7149165766399324,0.404783343122394
0.5851254905144833,-0.7337241576605968,0.3453650544213078
0.5977196297381648,-0.7495167087340958,0.28452758663103267
0.6078576107927938,-0.7622293348805764,0.22252093395631445
0.6154977745396265,-0.7718097971923531,0.15959989503337932
0.6206087259070174,-0.7782187274947843,0.09602302590768189
0.623169462899502,-0.7814297901185456,0.03205157757165533
0.623169462899502,-0.7814297901185456,-0.032051577571654985
0.6206087259070174,-0.7782187274947843,-0.09602302590768154
0.6154977745396266,-0.7718097971923532,-0.15959989503337896
0.6078576107927938,-0.7622293348805764,-0.22252093395631434
0.597719629738165,-0.7495167087340958,-0.28452758663103234
0.5851254905144833,-0.733724157660597,-0.3453650544213075
0.5701269451412536,-0.7149165766399325,-0.40478334312239367
0.5527856258585923,-0.6931712500567297,-0.4625382902408351
0.5331727918671331,-0.6685775341222769,-0.518392568310525
0.5113690365086868,-0.6412364896906846,-0.5721166601221694
0.48746395609091175,-0.6112604669781574,-0.6234898018587335
0.4615557817168686,-0.578772643891858,-0.6723008902613166
0.43375097563234605,-0.5439065198654641,-0.7183493500977275
0.4041637937496579,-0.5068053672813606,-0.7614459583691342
0.3729158161455902,-0.4676216427336873,-0.8014136218679565
0.3401354474627889,-0.4265163605514938,-0.8380881048918404
0.30595738926753807,-0.38365843115632153,-0.8713187041233892
0.2705220865321327,-0.3392239669730525,-0.900968867902419
0.23397515051636153,-0.2933955587461788,-0.9269167573460216
0.19646676041960595,-0.2463615252352667,-0.9490557470106686
0.15815104626229848,-0.19831513937278175,-0.9672948630390293
0.11918545553260594,-0.14945383406414978,-0.9815591569910653
0.07973010620093017,-0.09997839089360167,-0.991790013823246
0.03994712876082035,-0.05009211506957382,-0.9979453927503363
7.635547901473152e-17,-9.574674224771029e-17,-1.0
0.0,-0.0,1.0
0.046024800883763525,-0.04457253405390885,0.9979453927503363
0.09186047598840684,-0.08896191000461162,0.9917900138232462
0.1373186766932035,-0.1329857223848356,0.9815591569910653
0.18221260550070398,-0.17646306790643226,0.9672948630390295
0.22635778362772077,-0.21921528883079208,0.9490557470106686
0.26957280906821895,-0.2610667071118141,0.9269167573460217
0.3116801020130696,-0.30184534629468074,0.9009688679024191
0.35250663456357634,-0.34138363820399875,0.8713187041233894
0.3918846417402253,-0.3795191115173757,0.8380881048918407
0.4296523108649717,-0.4160950593949337,0.8014136218679567
0.4656544464842423,-0.4509611834213276,0.7614459583691344
0.49974310810034356,-0.4839742112141728,0.7183493500977276
0.5317782180906999,-0.5149984851609961,0.6723008902613169
0.5616281373168517,-0.5439065198654643,0.6234898018587336
0.5891702060579108,-0.5705795260122227,0.5721166601221697
0.6142912480456649,-0.5949078984976723,0.5183925683105252
0.6368880355301402,-0.616791666820851,0.4625382902408354
0.6568677134645667,-0.6361409058836651,0.404783343122394
0.6741481810666847,-0.6528761055124069,0.3453650544213078
0.6886584291884684,-0.6669284971821128,0.28452758663103267
0.7003388321079469,-0.6782403366011833,0.22252093395631445
0.7091413925440854,-0.6867651409950637,0.15959989503337932
0.7150299388879086,-0.6924678801139346,0.09602302590768189
0.7179802738394004,-0.6953251201795227,0.03205157757165533
0.7179802738394004,-0.6953251201795227,-0.032051577571654985
0.7150299388879086,-0.6924678801139346,-0.09602302590768154
0.7091413925440854,-0.6867651409950637,-0.15959989503337896
0.7003388321079469,-0.6782403366011833,-0.22252093395631434
0.6886584291884685,-0.6669284971821129,-0.28452758663103234
0.6741481810666848,-0.652876105512407,-0.3453650544213075
0.6568677134645667,-0.6361409058836652,-0.40478334312239367
0.6368880355301402,-0.6167916668208511,-0.4625382902408351
0.614291248045665,-0.5949078984976723,-0.518392568310525
0.5891702060579109,-0.5705795260122228,-0.5721166601221694
0.5616281373168518,-0.5439065198654645,-0.6234898018587335
0.5317782180907001,-0.5149984851609963,-0.6723008902613166
0.4997431081003436,-0.48397421121417283,-0.7183493500977275
0.46565444648424253,-0.4509611834213279,-0.7614459583691342
0.42965231086497185,-0.41609505939493385,-0.8014136218679565
0.39188464174022564,-0.37951911151737605,-0.8380881048918404
0.3525066345635765,-0.3413836382039989,-0.8713187041233892
0.3116801020130697,-0.30184534629468085,-0.900968867902419
0.26957280906821923,-0.2610667071118144,-0.9269167573460216
0.22635778362772094,-0.21921528883079222,-0.9490557470106686
0.18221260550070428,-0.17646306790643257,-0.9672948630390293
0.1373186766932037,-0.13298572238483578,-0.9815591569910653
0.0918604759884072,-0.08896191000461197,-0.991790013823246
0.046024800883763754,-0.04457253405390907,-0.9979453927503363
8.797242322667628e-17,-8.519654088192268e-17,-1.0
0.0,-0.0,1.0
0.05134674704861985,-0.03832107326135312,0.9979453927503363
0.10248249929977422,-0.0764846770128309,0.9917900138232462
0.15319712897887866,-0.11433398882055121,0.9815591569910653
0.20328223879432777,-0.15171347774364416,0.9672948630390295
0.25253201828666755,-0.18846954344424957,0.9490557470106686
0.3007440895479193,-0.22445114736425226,0.9269167573460217
0.3477203388358138,-0.25951043337511515,0.9009688679024191
0.3932677306656531,-0.2935033353504262,0.8713187041233894
0.4371991010345236,-0.3262901691645144,0.8380881048918407
0.4793339265183301,-0.35773620668448386,0.8014136218679567
0.5194990660812682,-0.38771222939701117,0.7614459583691344
0.5575294725494779,-0.41609505939493363,0.7183493500977276
0.5932688708252851,-0.44276806554169196,0.6723008902613169
0.6265704000550975,-0.46762164273368734,0.6234898018587336
0.6572972171121542,-0.4905536622911621,0.5721166601221697
0.685323058914286,-0.511469891626852,0.5183925683105252
0.710532761266004,-0.5302843814678994,0.4625382902408354
0.7328227320928805,-0.5469198190398521,0.404783343122394
0.7521013771236045,-0.5613078457614368,0.3453650544213078
0.768289476270488,-0.5733893381446323,0.28452758663103267
0.7813205091618003,-0.5831146507457644,0.22252093395631445
0.791140928488243,-0.5904438201692817,0.15959989503337932
0.7977103800403307,-0.5953467292859211,0.09602302590768189
0.8010018685324927,-0.5978032309904519,0.03205157757165533
0.8010018685324927,-0.5978032309904519,-0.032051577571654985
0.7977103800403307,-0.5953467292859211,-0.09602302590768154
0.7911409284882431,-0.5904438201692817,-0.15959989503337896
0.7813205091618003,-0.5831146507457644,-0.22252093395631434
0.768289476270488,-0.5733893381446324,-0.28452758663103234
0.7521013771236045,-0.5613078457614368,-0.3453650544213075
0.7328227320928806,-0.5469198190398521,-0.40478334312239367
0.7105327612660041,-0.5302843814678995,-0.4625382902408351
0.685323058914286,-0.511469891626852,-0.518392568310525
0.6572972171121543,-0.49055366229116226,-0.5721166601221694
0.6265704000550976,-0.4676216427336874,-0.6234898018587335
0.5932688708252852,-0.44276806554169207,-0.6723008902613166
0.557529472549478,-0.4160950593949337,-0.7183493500977275
0.5194990660812684,-0.38771222939701133,-0.7614459583691342
0.47933392651833034,-0.357736206684484,-0.8014136218679565
0.437199101034524,-0.3262901691645147,-0.8380881048918404
0.39326773066565335,-0.2935033353504264,-0.8713187041233892
0.3477203388358139,-0.2595104333751152,-0.900968867902419
0.3007440895479196,-0.22445114736425248,-0.9269167573460216
0.2525320182866677,-0.1884695434442497,-0.9490557470106686
0.20328223879432814,-0.1517134777436444,-0.9672948630390293
0.15319712897887888,-0.11433398882055136,-0.9815591569910653
0.10248249929977463,-0.07648467701283121,-0.991790013823246
0.051346747048620106,-0.03832107326135331,-0.9979453927503363
9.814486268136802e-17,-7.324741467023933e-17,-1.0
0.0,-0.0,1.0
0.05582558104649524,-0.03144038150528928,0.9979453927503363
0.11142176280592085,-0.06275156773903263,0.9917900138232462
0.16656008864208377,-0.09380489432076725,0.9815591569910653
0.22101398334698938,-0.12447275647065109,0.9672948630390295
0.27455968418697146,-0.1546291333648745,0.9490557470106686
0.3269771603917617,-0.18415010598225653,0.9269167573460217
0.3780510173081213,-0.21291436631408367,0.9009688679024191
0.4275713815026729,-0.24080371584473784,0.8713187041233894
0.47533476317685625,-0.2677035512547509,0.8380881048918407
0.5211448923501589,-0.29350333535042655,0.8014136218679567
0.5648135253755662,-0.31809705128487936,0.7614459583691344
0.6061612184730837,-0.341383638203999,0.7183493500977276
0.6450180651027219,-0.36326740652717765,0.6723008902613169
0.6812243941469118,-0.38365843115632187,0.6234898018587336
0.7146314260333778,-0.40247292099736925,0.5721166601221697
0.7451018841023125,-0.4196335632758677,0.5183925683105252
0.7725105587056179,-0.4350698412317485,0.4625382902408354
0.7967448217202067,-0.44871832388781985,0.404783343122394
0.8177050893611189,-0.4605229267012575,0.3453650544213078
0.8353052313926546,-0.4704351420270217,0.28452758663103267
0.8494729250559877,-0.47841423844617537,0.22252093395631445
0.8601499522588947,-0.48442742814002127,0.15959989503337932
0.8672924388063838,-0.48845000162228247,0.09602302590768189
0.8708710346891727,-0.49046542927568093,0.03205157757165533
0.8708710346891727,-0.49046542927568093,-0.032051577571654985
0.8672924388063838,-0.48845000162228247,-0.09602302590768154
0.8601499522588948,-0.4844274281400213,-0.15959989503337896
0.8494729250559877,-0.47841423844617537,-0.22252093395631434
0.8353052313926547,-0.47043514202702175,-0.28452758663103234
0.817705089361119,-0.46052292670125755,-0.3453650544213075
0.7967448217202068,-0.4487183238878199,-0.40478334312239367
0.7725105587056179,-0.4350698412317486,-0.4625382902408351
0.7451018841023126,-0.41963356327586776,-0.518392568310525
0.714631426033378,-0.40247292099736937,-0.5721166601221694
0.6812243941469119,-0.3836584311563219,-0.6234898018587335
0.645018065102722,-0.36326740652717776,-0.6723008902613166
0.6061612184730838,-0.34138363820399903,-0.7183493500977275
0.5648135253755664,-0.31809705128487953,-0.7614459583691342
0.5211448923501592,-0.29350333535042666,-0.8014136218679565
0.47533476317685663,-0.2677035512547511,-0.8380881048918404
0.4275713815026731,-0.24080371584473798,-0.8713187041233892
0.3780510173081214,-0.21291436631408373,-0.900968867902419
0.32697716039176206,-0.18415010598225673,-0.9269167573460216
0.2745596841869717,-0.1546291333648746,-0.9490557470106686
0.22101398334698977,-0.1244727564706513,-0.9672948630390293
0.166560088642084,-0.09380489432076737,-0.9815591569910653
0.11142176280592128,-0.06275156773903288,-0.991790013823246
0.055825581046495515,-0.03144038150528943,-0.9979453927503363
1.067057662041928e-16,-6.009556793470482e-17,-1.0
0.0,-0.0,1.0
0.0593877605469687,-0.024043439554124794,0.9979453927503363
0.11853148404721522,-0.04798807945782008,0.9917900138232462
0.17718813625458815,-0.07173552604961243,0.9815591569910653
0.2351166844033549,-0.09518819597764483,0.9672948630390295
0.2920790876635377,-0.11824971719060108,0.9490557470106686
0.34784127530174314,-0.14082532495113637,0.9269167573460217
0.40217410852801416,-0.16282225124450997,0.9009688679024191
0.4548543220762678,-0.1841501059822565,0.8713187041233894
0.5056654416491639,-0.20472124843444808,0.8380881048918407
0.5543986734574267,-0.22445114736425242,0.8014136218679567
0.6008537621983103,-0.243258728384917,0.7614459583691344
0.6448398139475932,-0.2610667071118143,0.7183493500977276
0.6861760805836591,-0.27780190674055605,0.6723008902613169
0.7246927025202992,-0.2933955587461788,0.6234898018587336
0.760231406696186,-0.30778358546776347,0.5721166601221697
0.7926461569528329,-0.3209068634172891,0.5183925683105252
0.8218037541284932,-0.3327114662307267,0.4625382902408354
0.847584383402087,-0.3431488862630366,0.404783343122394
0.8698821066380015,-0.3521762339164864,0.3453650544213078
0.8886052977086139,-0.35975641388320806,0.28452758663103267
0.9036770190057029,-0.3658582775777749,0.22252093395631445
0.9150353375935847,-0.37045675113342014,0.15959989503337932
0.9226335797048303,-0.3735329384359343,0.09602302590768189
0.9264405225327863,-0.37507419877185116,0.03205157757165533
0.9264405225327863,-0.37507419877185116,-0.032051577571654985
0.9226335797048303,-0.3735329384359343,-0.09602302590768154
0.9150353375935848,-0.3704567511334202,-0.15959989503337896
0.9036770190057029,-0.3658582775777749,-0.22252093395631434
0.888605297708614,-0.3597564138832081,-0.28452758663103234
0.8698821066380016,-0.35217623391648645,-0.3453650544213075
0.8475843834020871,-0.34314888626303663,-0.40478334312239367
0.8218037541284933,-0.3327114662307268,-0.4625382902408351
0.7926461569528329,-0.32090686341728913,-0.518392568310525
0.7602314066961863,-0.3077835854677636,-0.5721166601221694
0.7246927025202993,-0.29339555874617884,-0.6234898018587335
0.6861760805836593,-0.27780190674055616,-0.6723008902613166
0.6448398139475933,-0.26106670711181434,-0.7183493500977275
0.6008537621983107,-0.24325872838491713,-0.7614459583691342
0.5543986734574268,-0.2244511473642525,-0.8014136218679565
0.5056654416491644,-0.20472124843444825,-0.8380881048918404
0.4548543220762681,-0.1841501059822566,-0.8713187041233892
0.4021741085280143,-0.16282225124451002,-0.900968867902419
0.34784127530174347,-0.1408253249511365,-0.9269167573460216
0.29207908766353785,-0.11824971719060116,-0.9490557470106686
0.2351166844033553,-0.095188195977645,-0.9672948630390293
0.17718813625458837,-0.07173552604961253,-0.9815591569910653
0.11853148404721568,-0.04798807945782027,-0.991790013823246
0.059387760546968996,-0.024043439554124916,-0.9979453927503363
1.1351456399598494e-16,-4.5956953635114025e-17,-1.0
0.0,-0.0,1.0
0.06197479466112416,-0.0162517049901984,0.9979453927503363
0.123694921597434,-0.03243662823861229,0.9917900138232462
0.18490675956842254,-0.04848826242395879,0.9815591569910653
0.24535877600196884,-0.06434064793830556,0.9672948630390295
0.30480256059563066,-0.07992864392924813,0.9490557470106686
0.36299384608786084,-0.09518819597764508,0.9269167573460217
0.4196935120045802,-0.11005659931096587,0.9009688679024191
0.4746685672564967,-0.12447275647065138,0.8713187041233894
0.5276931075494679,-0.13837742837467645,0.8380881048918407
0.5785492436737018,-0.15171347774364466,0.8014136218679567
0.6270279968572569,-0.16442610389012535,0.7614459583691344
0.6729301575046418,-0.17646306790643282,0.7183493500977276
0.7160671037917741,-0.1877749073255034,0.6723008902613169
0.756261576753514,-0.19831513937278217,0.6234898018587336
0.7933484086787741,-0.2080404519739142,0.5721166601221697
0.8271752018200732,-0.21691088173334838,0.5183925683105252
0.8576029546285693,-0.22488997815250203,0.4625382902408354
0.8845066329412397,-0.231944953412678,0.404783343122394
0.9077756837730767,-0.23804681710724482,0.3453650544213078
0.9273144896030167,-0.24317049536943583,0.28452758663103267
0.9430427612868437,-0.24729493390624616,0.22252093395631445
0.954895867982505,-0.25040318451503873,0.15959989503337932
0.962825102732105,-0.25248247472734436,0.09602302590768189
0.9667978826092418,-0.25352426029367436,0.03205157757165533
0.9667978826092418,-0.25352426029367436,-0.032051577571654985
0.962825102732105,-0.25248247472734436,-0.09602302590768154
0.9548958679825051,-0.25040318451503873,-0.15959989503337896
0.9430427612868437,-0.24729493390624616,-0.22252093395631434
0.9273144896030168,-0.24317049536943586,-0.28452758663103234
0.9077756837730768,-0.23804681710724485,-0.3453650544213075
0.8845066329412398,-0.23194495341267804,-0.40478334312239367
0.8576029546285694,-0.22488997815250206,-0.4625382902408351
0.8271752018200733,-0.2169108817333484,-0.518392568310525
0.7933484086787743,-0.20804045197391424,-0.5721166601221694
0.7562615767535141,-0.1983151393727822,-0.6234898018587335
0.7160671037917743,-0.18777490732550345,-0.6723008902613166
0.6729301575046419,-0.17646306790643285,-0.7183493500977275
0.6270279968572572,-0.16442610389012544,-0.7614459583691342
0.578549243673702,-0.15171347774364471,-0.8014136218679565
0.5276931075494683,-0.13837742837467656,-0.8380881048918404
0.474668567256497,-0.12447275647065145,-0.8713187041233892
0.4196935120045803,-0.1100565993109659,-0.900968867902419
0.3629938460878612,-0.09518819597764518,-0.9269167573460216
0.3048025605956309,-0.07992864392924819,-0.9490557470106686
0.24535877600196926,-0.06434064793830567,-0.9672948630390293
0.18490675956842278,-0.04848826242395885,-0.9815591569910653
0.12369492159743449,-0.03243662823861242,-0.991790013823246
0.061974794661124474,-0.01625170499019848,-0.9979453927503363
1.1845945578524243e-16,-3.1063727427383314e-17,-1.0
0.0,-0.0,1.0
0.06354420436032968,-0.008193117879635533,0.9979453927503363
0.12682729195475367,-0.01635256848048537,0.9917900138232462
0.18958921900216677,-0.024444822869833956,0.9815591569910653
0.25157208328194003,-0.032436628238612326,0.9672948630390295
0.31252118390946515,-0.04029514454432331,0.9490557470106686
0.37218606795672254,-0.047988079457820264,0.9269167573460217
0.4303215596170846,-0.055483821059414275,0.9009688679024191
0.486688767685295,-0.06275156773903286,0.8713187041233894
0.5410560672126732,-0.06976145476664268,0.8380881048918407
0.593200051303712,-0.07648467701283125,0.8014136218679567
0.642906449142932,-0.08289360731526234,0.7614459583691344
0.6899710064796228,-0.088961910004612,0.7183493500977276
0.7342003249523721,-0.09466464912348285,0.6723008902613169
0.7754126568044162,-0.09997839089360176,0.6234898018587336
0.8134386517241577,-0.10488130001024126,0.5721166601221697
0.848122052741921,-0.10935322936817038,0.5183925683105252
0.879320338323358,-0.11337580285043156,0.4625382902408354
0.9069053080210032,-0.11693249083974686,0.404783343122394
0.9307636092774118,-0.12000867814226102,0.3453650544213078
0.9507972032151312,-0.1225917240445079,0.28452758663103267
0.9669237674994793,-0.12467101425681354,0.22252093395631445
0.9790770346186741,-0.12623800452968925,0.15959989503337932
0.9872070641912557,-0.12728625576398542,0.09602302590768189
0.9912804481818241,-0.12781146047053113,0.03205157757165533
0.9912804481818241,-0.12781146047053113,-0.032051577571654985
0.9872070641912557,-0.12728625576398542,-0.09602302590768154
0.9790770346186742,-0.12623800452968925,-0.15959989503337896
0.9669237674994793,-0.12467101425681354,-0.22252093395631434
0.9507972032151313,-0.12259172404450791,-0.28452758663103234
0.9307636092774119,-0.12000867814226103,-0.3453650544213075
0.9069053080210033,-0.11693249083974687,-0.40478334312239367
0.8793203383233581,-0.11337580285043157,-0.4625382902408351
0.8481220527419211,-0.1093532293681704,-0.518392568310525
0.813438651724158,-0.10488130001024129,-0.5721166601221694
0.7754126568044163,-0.09997839089360178,-0.6234898018587335
0.7342003249523723,-0.09466464912348288,-0.6723008902613166
0.689971006479623,-0.08896191000461201,-0.7183493500977275
0.6429064491429324,-0.08289360731526238,-0.7614459583691342
0.5932000513037122,-0.07648467701283128,-0.8014136218679565
0.5410560672126736,-0.06976145476664274,-0.8380881048918404
0.4866887676852953,-0.06275156773903288,-0.8713187041233892
0.43032155961708474,-0.05548382105941429,-0.900968867902419
0.37218606795672293,-0.04798807945782031,-0.9269167573460216
0.31252118390946537,-0.040295144544323334,-0.9490557470106686
0.2515720832819405,-0.03243662823861238,-0.9672948630390293
0.18958921900216702,-0.024444822869833988,-0.9815591569910653
0.12682729195475417,-0.016352568480485434,-0.991790013823246
0.06354420436033,-0.008193117879635574,-0.9979453927503363
1.2145924658549475e-16,-1.566043567409796e-17,-1.0
0.0,-0.0,1.0
0.06407021998071291,-1.5692677964009372e-17,0.9979453927503363
0.127877161684506,-3.1320871348195766e-17,0.9917900138232462
0.1911586287013723,-4.682036055370659e-17,0.9815591569910653
0.25365458390950735,-6.212745485476638e-17,0.9672948630390295
0.31510821802362066,-7.717925411753067e-17,0.9490557470106686
0.3752670048793741,-9.191390727022793e-17,0.9269167573460217
0.4338837391175581,-1.0627086646248056e-16,0.9009688679024191
0.49071755200393785,-1.2019113586940948e-16,0.8713187041233894
0.5455349012105486,-1.3361751411813318e-16,0.8380881048918407
0.5981105304912159,-1.464948293404786e-16,0.8014136218679567
0.6482283953077884,-1.5877016588602166e-16,0.7614459583691344
0.6956825506034864,-1.7039308176384524e-16,0.7183493500977276
0.7402779970753155,-1.8131581591949977e-16,0.6723008902613169
0.7818314824680298,-1.9149348449542055e-16,0.6234898018587336
0.8201722545969559,-2.00884265268326e-16,0.5721166601221697
0.8551427630053461,-2.0944956950570415e-16,0.5183925683105252
0.886599306373,-2.171542005351916e-16,0.4625382902408354
0.9144126230158124,-2.2396649837525e-16,0.404783343122394
0.9384684220497603,-2.2985846983282128e-16,0.3453650544213078
0.9586678530366606,-2.3480590353336234e-16,0.28452758663103267
0.9749279121818236,-2.3878846941057645e-16,0.22252093395631445
0.9871817834144501,-2.417898022470164e-16,0.15959989503337932
0.9953791129491982,-2.437975689222735e-16,0.09602302590768189
0.9994862162006879,-2.4480351909241436e-16,0.03205157757165533
0.9994862162006879,-2.4480351909241436e-16,-0.032051577571654985
0.9953791129491982,-2.437975689222735e-16,-0.09602302590768154
0.9871817834144502,-2.417898022470164e-16,-0.15959989503337896
0.9749279121818236,-2.3878846941057645e-16,-0.22252093395631434
0.9586678530366607,-2.3480590353336234e-16,-0.28452758663103234
0.9384684220497604,-2.2985846983282128e-16,-0.3453650544213075
0.9144126230158125,-2.2396649837525e-16,-0.40478334312239367
0.8865993063730001,-2.1715420053519163e-16,-0.4625382902408351
0.8551427630053462,-2.0944956950570418e-16,-0.518392568310525
0.8201722545969561,-2.0088426526832608e-16,-0.5721166601221694
0.7818314824680299,-1.9149348449542057e-16,-0.6234898018587335
0.7402779970753157,-1.8131581591949982e-16,-0.6723008902613166
0.6956825506034865,-1.7039308176384526e-16,-0.7183493500977275
0.6482283953077888,-1.5877016588602173e-16,-0.7614459583691342
0.5981105304912161,-1.4649482934047864e-16,-0.8014136218679565
0.545534901210549,-1.3361751411813328e-16,-0.8380881048918404
0.49071755200393813,-1.2019113586940952e-16,-0.8713187041233892
0.43388373911755823,-1.0627086646248059e-16,-0.900968867902419
0.3752670048793745,-9.191390727022803e-17,-0.9269167573460216
0.3151082180236209,-7.717925411753073e-17,-0.9490557470106686
0.2536545839095078,-6.212745485476649e-17,-0.9672948630390293
0.19115862870137254,-4.682036055370665e-17,-0.9815591569910653
0.1278771616845065,-3.132087134819589e-17,-0.991790013823246
0.06407021998071323,-1.5692677964009452e-17,-0.9979453927503363
1.2246467991473532e-16,-2.999519565323715e-32,-1.0
