x,y,z
-0.005836664421292065,0.019008224177167264,1.009807557307963
0.05234253359523554,-0.01031231483024074,0.9977239005933539
0.12800941364845317,-0.0058501535244135025,0.9843021811425775
0.20267536732193336,-0.005068681256776882,0.9843528111864872
0.2367266492375807,-0.012173143188957297,0.963661951252978
0.29818539392832827,-0.007356408115005177,0.9471281533160836
0.37365908180773977,-0.004532422338432998,0.9389270699077774
0.44295264373996557,0.0025789401476962325,0.8991695642576728
0.48345872047937966,0.0016630841813082553,0.8805108041229927
0.5477090766664184,0.016029752200763792,0.824557105499824
0.5977594510381983,0.026605638167114136,0.7973615314198103
0.6398682786332645,0.0002856129043731641,0.768703365622307
0.6995556027036102,0.000796702102965553,0.7152669307062638
0.725242990302207,0.0032189486509033756,0.6822986988051617
0.781872250834047,0.00852450909564968,0.6304344394897969
0.8096843228584495,0.00581059941554441,0.5887349441441905
0.8361775065771535,0.02269360821152977,0.5241362797889392
0.8965166767727728,-0.01535145970082261,0.46922230650193547
0.9268016710531843,-0.001740387138163343,0.403300791885109
0.9487572839310895,0.02484545942890216,0.3563367061210219
0.949250241290223,0.015755656538619874,0.2926900917868399
0.9786602760837375,-0.004469375928314181,0.21251035209493313
0.9847127080481324,0.001581227567902932,0.16011410474502966
0.9797880290653662,-0.0049583370644023595,0.09806254098292887
1.0036294280577474,-0.014677972054284784,0.03576639009175283
0.9990650015306024,-0.0016973919648653867,-0.03191533161354862
0.9917720392729124,-0.01309526499783679,-0.0917400152134234
0.988053223517012,0.0029438911471224094,-0.15423848056073938
0.9752299315773169,0.01048139712341388,-0.22702535609089303
0.9563575810922678,-0.028254031818466478,-0.26414794416266063
0.9427952063297894,-0.012038039960673009,-0.356556432147096
0.9084322201051169,-0.009320349514080445,-0.40807636868009
0.8807202055430601,-0.024215533243716607,-0.4592534741231794
0.8401695996448315,0.019358458071836594,-0.5134763268809719
0.8183594624586499,-0.0017819648477140776,-0.5688810267898151
0.7768119405405851,0.006490269666065679,-0.6068701205509692
0.7580126151286634,-0.018867926116537505,-0.6810186663282648
0.677617792128137,-0.006948664804424901,-0.7093301835830051
0.6331067960394997,7.680166245991133e-05,-0.7752192516197338
0.6086216483278198,-0.00255852703987438,-0.8073499758918075
0.5573516109951687,0.00882003826696093,-0.8377707194892179
0.5014538257257523,0.005360244911214581,-0.8709424297893914
0.4252493979719079,0.002688794956037147,-0.8886637790679061
0.37858603890691667,0.01764149250923,-0.9252310942293487
0.31560039852738253,-0.007065352528682096,-0.9478296547604231
0.2426463660271653,-0.0008274495800730792,-0.9759803140201299
0.18478270422326762,-0.007856677325716691,-1.0050684509696184
0.1550859155906392,0.014930496237218536,-0.9807027703096797
0.07179364442503804,-0.022511346088074643,-0.985491824681823
-0.006852465400760087,0.012907561695786276,-0.9878896940153381
-0.01924889562019511,-0.0005864939465516736,1.005810716609415
0.06956695398267496,0.0029745967835429045,1.0045349505104617
0.1261296087660491,0.016272879927607304,0.9929199714217428
0.1935677646357567,0.04036653849351933,0.981156301001388
0.2626227279416631,0.05249897672005804,0.9599694025716278
0.318476122306061,0.046613299958374,0.940929451324204
0.3577192897761552,0.062074696573160316,0.9287766258558274
0.44614298730658086,0.048141875590833674,0.9053600231679008
0.4821898983227873,0.07799079284817416,0.8637379318254701
0.5379738590933418,0.09080840933554747,0.8334350995718592
0.6068194769346948,0.0817864012832625,0.7988341944011745
0.6503579917901728,0.11398366371722583,0.7737546176874391
0.6915570925917294,0.07207714031155905,0.7101547326376165
0.7227446577285408,0.10606056992758084,0.6731263034581001
0.773769937971543,0.10470784472567755,0.624966447594786
0.8278920123062489,0.1099632254707174,0.5911473035691509
0.8473362972133792,0.11162902326618312,0.5223965509937611
0.8624439935651893,0.12838130511232101,0.455640935611124
0.8931426980177851,0.12866268262502564,0.4087774887739113
0.9473077230205919,0.12052858688291655,0.36831858052343014
0.9420549704585072,0.14129807524815813,0.2884937490494256
0.9729389134363771,0.11949384363736061,0.2280950199911856
0.9637544191989809,0.12963475931674245,0.13455433553964416
0.9916269827947012,0.11170062837902991,0.10835709825293321
0.9728959301562642,0.11435123995476454,0.021293133778826537
1.0100503523410493,0.12758438582105966,-0.054618853080572335
0.9783331333235817,0.12931211224589326,-0.08918889919048004
0.9862864957228057,0.11393874209158023,-0.16889950514310934
0.9698738587446983,0.1246125043615884,-0.21973289221122796
0.9556851915838724,0.11933791618599213,-0.30024639402149067
0.9242367152460916,0.11456910551120555,-0.3589061894215634
0.8973962609046704,0.11706785021152476,-0.4065243752598014
0.8977211695916982,0.11421204104883817,-0.475286516225138
0.8637839558184951,0.11502092784573642,-0.5109163831160333
0.8081881569955012,0.10191465698051451,-0.5783356452120316
0.7771060811725895,0.12392937973394486,-0.6279112785999784
0.7352576459559498,0.07913692232332725,-0.6807268175997111
0.6953692451784858,0.08428845726300677,-0.7322764374434053
0.6556044352407415,0.09678955020305775,-0.7640997655146264
0.6178711232719131,0.06570589514338529,-0.8085697634558693
0.5364127364849887,0.07064703048739764,-0.8423421161003128
0.4895377246819887,0.05995029029241456,-0.8667978147704907
0.4409876468901584,0.07652249302833487,-0.9046515792913014
0.35928263106924674,0.042472677213095666,-0.939302054107708
0.29949440017791606,0.03439699750370575,-0.9483851586871099
0.24447980880019965,0.04914643844772839,-0.9687261354348403
0.1885108067375706,0.01506585695329285,-0.9841805771770258
0.13304779456064467,0.016645295739876526,-0.9873058053968564
0.0510467407203435,0.01675725140627108,-0.9979729334193043
-0.012999640627463432,-0.00851739370645499,-1.0052445306447413
0.00033342190685674045,0.014187019293167392,1.001326844957149
0.054549070507675185,0.010870005563930031,1.005911391630317
0.1389729553792213,0.04029219293080945,0.9826626576237237
0.19616219715884137,0.054515788089590844,0.9919727495681685
0.25821008864105965,0.056721924265891455,0.9749842259653422
0.3217543257708487,0.08147618584237849,0.955399676444871
0.3668636216812026,0.09045862270030913,0.9198964047461251
0.40543597744169435,0.12850911196905684,0.8848357284617626
0.4525389912397841,0.13670179659458231,0.8757751520799198
0.5155333700060345,0.13808190583431304,0.8275190999037595
0.5705938047744289,0.16475987379078527,0.8057964347506513
0.6072895726204038,0.16033591146833492,0.7632915971707425
0.6776901531985526,0.18010027745447035,0.7041448044832243
0.7116094681667259,0.18449107077848767,0.669584061398089
0.7546394976887155,0.16948007240772922,0.633473618297568
0.7995695098733039,0.20675228006667767,0.5748133434730096
0.8268487074539538,0.21695538296262334,0.5277894123993538
0.854727188038678,0.22725056162196552,0.4608846972627522
0.874694754364899,0.22275694651925199,0.4116484427267491
0.899266175493059,0.24218328838051864,0.3243191911469146
0.9146450932191483,0.24695605300861875,0.2613280794463914
0.9456642413518423,0.25117054994586147,0.23327732085136726
0.9545215575976397,0.2305646245586273,0.172312156742707
0.95563941520815,0.26345225028706276,0.09699247583848375
0.9584280871428578,0.24819191752969186,0.03380943465044136
0.9742284863999013,0.24534230526227627,-0.04346849436735255
0.9769225772848804,0.24490363815407465,-0.10954971216579856
0.9631148947103099,0.23677176753495152,-0.15285856998138186
0.9479558764095226,0.2576604667355451,-0.23215001719797562
0.9288333687728029,0.23134927541561273,-0.25489956970481675
0.9033742889747897,0.2317673589054097,-0.34629465593564224
0.8593861668417431,0.2354307912900866,-0.39583363014327233
0.8558719530738725,0.2167636992427646,-0.4547465625349028
0.840667923814912,0.21224216537537227,-0.5144160721255561
0.795772107566672,0.2199559225705179,-0.5660634423608473
0.7684987961480575,0.19930963106052837,-0.6153397389418495
0.7207061486213621,0.19166857338935478,-0.6686648354532607
0.6549563793769966,0.17408052296793344,-0.715867697133256
0.6253119393815009,0.17077231401240842,-0.7654054679868608
0.5956634417287511,0.15647518391120477,-0.7880548664522483
0.5236287496743165,0.11873350145137787,-0.8322036824234273
0.4716716537175966,0.12291757271522871,-0.8585315934746474
0.41746034125111636,0.09735032396650621,-0.9011802706788374
0.3583125844282135,0.09482840129225693,-0.9367407992524746
0.3090862344991452,0.074002828927911,-0.9663141907357591
0.22506178938929933,0.08736952569555409,-0.9671194710129642
0.1884533777018419,0.06125179108774054,-0.968335893847186
0.13877476834628893,0.03343902384987685,-0.9816161432807877
0.044998761528124945,0.011100121565775764,-0.993713345561944
0.00938702672907521,0.0051795277808441564,-0.9965200918415357
0.0024311046643116316,0.024530703671272934,1.0006695938687689
0.056181648987581816,0.03152455507810742,0.9904132984790369
0.12490540086432347,0.043089742715781365,0.991118297936578
0.1685883076603735,0.08298167322760823,0.9841075532237163
0.2452811071829003,0.1049877872575324,0.9612889002586271
0.29645977611646473,0.13407189784510531,0.9506657516078242
0.35862942493880384,0.1300441018857551,0.9320349145086771
0.3898529078497343,0.16544947511009628,0.8966736710622168
0.46214832609939643,0.19278245846353967,0.8593221775652635
0.5217030069761212,0.19113432370748115,0.8357755781337798
0.5480258531551893,0.22091395065715505,0.8049548532073896
0.6022607007828995,0.24948446559896298,0.7721497990700384
0.6456318448374249,0.2636050184619297,0.7126177519704338
0.6854449772218818,0.2703884233913389,0.6762554962990481
0.7298906294455391,0.29482815222176434,0.6212212231062771
0.7614611831374599,0.30071609441039987,0.5793475493116425
0.7956832058666604,0.3319000116441728,0.5071757081653868
0.8297103085988633,0.3162910445664578,0.4670062302286388
0.8560211824618573,0.367230684994751,0.4214623990485649
0.899333334589794,0.3557742780372699,0.3603965825064238
0.9070372847814474,0.3486559993188444,0.2859622871341375
0.8909769586829516,0.37478659027497707,0.2254961237009829
0.9396581672406855,0.3584541509763664,0.17275651477270387
0.930233012660887,0.37369313449218455,0.09728988177063652
0.9316107016207666,0.37335327330893736,0.01661691185164576
0.928898350558465,0.38772994668030625,-0.021813005097754058
0.9058120287743652,0.38255333753940707,-0.08660066445312627
0.9144130786075673,0.392520472301158,-0.17276042177413342
0.9019742270787205,0.3715929201954218,-0.22898754021685425
0.8915807977554081,0.3482884564840953,-0.2818731179106304
0.8733296112130062,0.34027333633033746,-0.32712220410443893
0.861627303645539,0.32730300411559354,-0.39891913729185446
0.8198302077326179,0.3221791737403267,-0.454016686496539
0.788536475917611,0.33050262663032853,-0.5314327468768539
0.7576591681295363,0.3065398822289893,-0.5686541657977728
0.7310191873629738,0.3036337299082512,-0.6131322729860808
0.6761796658897778,0.27694800325059,-0.6558208137860145
0.6293520076634278,0.2649817556497681,-0.7238904196526105
0.6227887081829365,0.23762508657644035,-0.7446352686485148
0.550240409293996,0.22994473477773214,-0.8076885397168378
0.49557503952511694,0.21976975259160692,-0.8383065870016008
0.444450402903529,0.18559577872096597,-0.8799942426520112
0.3975569254147978,0.16239026557058414,-0.8934267168138206
0.33751520224733,0.12241184015088143,-0.9247975590885509
0.28668087133677594,0.11545791905774351,-0.9560231496084689
0.24494450320122352,0.09117664986285222,-0.9604843179701541
0.1730835729563327,0.07091329751127506,-0.9832536246501805
0.12344025748873719,0.06084937699355587,-0.9949998628287211
0.054244129883017425,0.005052023764138772,-0.9971778006624679
0.006977056993880087,-0.01101707507211424,-1.0172288579275166
0.029734577763188427,0.012225826046291568,1.0133134357656919
0.05195785625350944,0.026544184953745116,0.9936188006274174
0.09107287108251634,0.05102680375744737,0.9891127617997091
0.18126488700453505,0.10976586752285183,0.9826804842469569
0.22024831091334976,0.1309142185046362,0.9625971046658146
0.2600190292275669,0.15023741610010305,0.9493241983186567
0.3419613765842203,0.18385886267392548,0.9292528146277418
0.3745504815936158,0.22049019163935585,0.89708046695404
0.41846061559108466,0.24750213867540571,0.8588715680177855
0.48274821231885373,0.2754163624196191,0.8243019223365832
0.5248390216460951,0.2839309501218275,0.7927856951939257
0.5687656289224093,0.31448538542167076,0.7684905615056248
0.5777974375323751,0.34957242671320937,0.7185483865230535
0.6324318248780917,0.360040892210169,0.6792538383705825
0.6642233522964401,0.37975276758621174,0.6145259663897915
0.7220595230715375,0.4166721519108943,0.5865345245290925
0.7565809232686819,0.4368420984301404,0.5094472226834418
0.7775380574128519,0.43482685431434775,0.4682430931922048
0.8090951585804711,0.46139128191587003,0.398277696221403
0.8369857186075782,0.4611653497527095,0.34122020943879966
0.8411318113422342,0.4783549572896712,0.29353486718269395
0.839158690037041,0.48048459310844666,0.22982716446322965
0.8519014888559491,0.510716409820089,0.18013245244246864
0.855966693918829,0.4806413895511775,0.11117625104791944
0.8684092923009011,0.48139667655657026,0.028181775825365168
0.8708754439291856,0.48260138573062417,-0.03882456201346011
0.8710408550903436,0.49548846295315285,-0.10704502416245341
0.8649121116077222,0.4893310840878241,-0.15951018565553485
0.8549473167430237,0.47632062694768984,-0.21508539310210376
0.8306408942289342,0.4687827319568843,-0.282666549269285
0.8206630214284448,0.46468276193509683,-0.3360929167627316
0.7960402267381301,0.4458903861899269,-0.4176523796730366
0.7795190698977972,0.44198097294940397,-0.44219545493426754
0.7481434098541946,0.4131654239434678,-0.519681676658649
0.7173574975329492,0.42006208590470473,-0.5604055295971941
0.6923925155257821,0.39852172623247883,-0.6226567396488852
0.6524801712433047,0.3676685573447013,-0.675315991423839
0.6379454220150514,0.32722296917249233,-0.7414901910793502
0.5601064782511731,0.32970313156429726,-0.7696576644541074
0.5189815859596554,0.2897641604298915,-0.7977417757764447
0.488056668195324,0.25485150047681093,-0.8352132576964435
0.4069191211361956,0.2669631448213617,-0.8625747450405659
0.38079887062149126,0.2033330448983734,-0.8984839173435026
0.3045292230419238,0.19273290902209864,-0.9457897754408944
0.2851180144061101,0.1411315646749379,-0.9606013756510539
0.2293684417694583,0.10969517797442249,-0.9651369151399739
0.1556475224040218,0.09554002677376243,-0.9810769868757113
0.09934355556425734,0.07447502483780855,-0.9809936311448253
0.05953210169593382,0.02040684145940595,-0.9982161968672798
0.004627649203114122,0.005319150828597067,-1.0018798529511523
-0.0025997870345296744,0.015498124410375411,1.01374697971161
0.047605761615068784,0.037384688223618054,1.0151095050646761
0.09861782686489241,0.07143099362878089,0.995400061956584
0.1535999226517804,0.12770716538275723,0.970033013429563
0.20461817441230892,0.15792545517896728,0.962960095027675
0.2543079847925627,0.18573184688430608,0.9625448476851683
0.29905867289876265,0.24672831517991933,0.9108615874025814
0.35181982034679005,0.249009337826846,0.9128562108544954
0.39480254105047274,0.2986436488017551,0.8592735574002203
0.44324599300326306,0.33633932505144754,0.8333843802204967
0.4763703448854467,0.35650543407493646,0.8051795033259099
0.5018425100103717,0.4094806817593897,0.7589526573580926
0.56055654284651,0.40742113913297784,0.7297760957491544
0.5986797863268907,0.4433177046357755,0.6639952915004846
0.6448317299213475,0.47649599201248793,0.6372568869409907
0.6683853999938663,0.4886454676975943,0.5761750760223129
0.675048191030419,0.4988164618087123,0.5273151318551602
0.7063146230279758,0.5306476371283141,0.4449893802061485
0.7350412282885356,0.5688052022765762,0.4072893473886859
0.7508304867250175,0.5691847634979259,0.3385488619216553
0.7619418467230316,0.5662058773366216,0.29355745712098263
0.7830786645183573,0.59848084805428,0.22230830305971666
0.780838481139722,0.5834721539872527,0.16657216799636385
0.8024254934256217,0.5925521755166092,0.09685153429442608
0.7990639398217816,0.6050719624824088,0.03175230367129516
0.7923091799965503,0.6035576050531206,-0.038576530298801884
0.794193273427368,0.6034398330323919,-0.11516115976304672
0.7954915121610943,0.5832117152589832,-0.1431997551193355
0.7812425369381293,0.5912130219939619,-0.21080073744466585
0.7633297324884564,0.5740276000816765,-0.29494220998735204
0.7593030756524156,0.5580318801086008,-0.34983198292045614
0.7420822609501454,0.5472105136658728,-0.3985142314356688
0.7013871368226527,0.5220872587792423,-0.45519180948648863
0.6681666294424395,0.512252173367191,-0.5211013996449719
0.646899911595306,0.5000685878896411,-0.5574939378144218
0.64515582364296,0.4576547046468223,-0.632469585486986
0.6000218783933721,0.4410921804306279,-0.6796367546665139
0.5733137087247009,0.4293722970319717,-0.73706392190593
0.5307805459943371,0.3786784549429032,-0.7650783653512038
0.48530258935662346,0.36251145268639995,-0.81156455974868
0.4518488341845115,0.3081816948472209,-0.826685637966155
0.383324515443435,0.29102485191314675,-0.866872854692606
0.3583760616862005,0.27088182351220486,-0.9025196369560916
0.2831701834811398,0.2353628961044271,-0.9331693269064671
0.26201421104388434,0.1975674075712471,-0.9494427726423931
0.21126099667909895,0.13551770652596343,-0.9539582341071908
0.14146868843092325,0.11006938410368004,-0.989868873124424
0.10395335146201973,0.07910185609092563,-0.9850880440678639
0.05252106220875883,0.053639906064883926,-1.0015541273292048
0.0010079875008098492,0.0001720422998818859,-0.9972444289314458
0.0008068041659988964,0.00799501005981619,0.9713168195162412
0.05210090869554844,0.047066891606911736,0.98712871341611
0.09252579116753686,0.0677497222334765,0.9960468086317339
0.13236690368632245,0.13065329403007983,0.9829705790864353
0.17946554735480688,0.16689076738083805,0.9774381328992323
0.20376514542474217,0.24536838513084655,0.956953511324238
0.2667443056639827,0.28261694124125586,0.9144662128485676
0.32660332857618585,0.2772800027755605,0.910308749476603
0.3704202695674264,0.3439295472155287,0.8666651080593634
0.3985470791508254,0.38245424986092647,0.8311863803810098
0.42301901836400846,0.4074984977438516,0.8251261015258047
0.46107844731957404,0.4544063304596567,0.7627677299173208
0.5116057329376646,0.4865861403070813,0.7203457695188996
0.526744313544352,0.5317356633461683,0.6659397580970056
0.5820902025002902,0.5404767068669669,0.6229667702461973
0.5779762984917919,0.5731345385198764,0.5679553671264715
0.6109673524353875,0.6059495540792718,0.528964835277844
0.6519021077775329,0.6207804525677191,0.44548680980326916
0.6543240925493551,0.629475466783601,0.40895279334943624
0.6818145609204765,0.6740880249489172,0.3453003313655449
0.6937614979016627,0.6722590654511774,0.2721058170086481
0.7147128416640762,0.6824826009015105,0.22534087515035625
0.7019730619802554,0.6988211336781166,0.15735319545603035
0.7115507956030539,0.6796833567658148,0.08892557071378629
0.7156853934459847,0.6921417587664935,0.030572730623611266
0.7157057407522218,0.7079670311477402,-0.03313640248616766
0.71239051485238,0.7061660852093219,-0.08904110914791454
0.7046181725769786,0.6798928143405306,-0.15022814126557432
0.693824989485718,0.6854718740631747,-0.2250247854322308
0.6878326429573527,0.6394772446748324,-0.28570618623945
0.6804708225786191,0.636013362974102,-0.34585637870223696
0.6536399373107612,0.6215804614102717,-0.3924623380600048
0.6472619738961086,0.6098098750150737,-0.4608271441390743
0.602651960991979,0.6071271707353785,-0.5174881930709703
0.5778051925103662,0.5661642898948002,-0.5652592946664332
0.5619486406717612,0.5488534972458187,-0.6256010217487602
0.5243947808912347,0.5161694689479474,-0.6728522237438472
0.5044379623594222,0.49535305306475813,-0.7115437044838062
0.4544918185981812,0.4464800825532333,-0.7659649813058916
0.4282910032480444,0.4013502937437843,-0.8213583275431943
0.38957555455948767,0.37829782307502036,-0.8388247804681243
0.34673306371637724,0.34569808796233814,-0.8740572106527762
0.3117188643072042,0.29159760131623724,-0.9181998088879407
0.2719587690659431,0.2536537360545336,-0.9363675153584207
0.2120392671425911,0.22006912577346646,-0.9523101302054441
0.18815679962443896,0.1750518223132356,-0.9711280039297855
0.14450385595791113,0.12920922480254415,-0.985464101502474
0.10107807217493231,0.09563489873767751,-0.9807649465498657
0.05365735316551773,0.04533720035915695,-0.996124908825814
0.0073447222271232696,0.009072156666074018,-1.0010893888391443
0.004355618246247479,0.026773780718121035,1.0197908969903298
0.03796212716446428,0.03897500003312935,1.004007463476012
0.06922887407901569,0.10815959409659093,0.9667737378596447
0.12128397135473253,0.14677971167190593,0.9786763901195468
0.16099925619634756,0.18282878469313896,0.9582281989128705
0.19113299932243044,0.23285755492628155,0.9556509607676102
0.24302881371418475,0.279698043571036,0.9247861119929707
0.2787549587216298,0.3396106374878662,0.9150070341328957
0.31141691046840275,0.3906655876787666,0.8775243655226397
0.3345498625538791,0.4236195132500249,0.828304842622005
0.3772402831404748,0.46859084042256244,0.8004140289696184
0.40957106411423794,0.5103209588658362,0.7727501616531028
0.43556800676254936,0.5542917431502653,0.7025895743732327
0.46418829764076625,0.5830163815441082,0.6633056042246152
0.49519984189254784,0.6306329968083362,0.6206029978733805
0.5159808618145043,0.6382179640381197,0.5848001068191184
0.5250917952108741,0.666644088961346,0.5157716298782684
0.5561190138014738,0.6832367811844146,0.45126579056322663
0.5821974311812497,0.7129019696848968,0.39746708585632795
0.5753375278228633,0.727339338828014,0.36860821373489283
0.6031992130654793,0.7581516265597692,0.2805878251135208
0.6230199159212758,0.770084011569447,0.21980758411708481
0.6090899295098858,0.7693620159542336,0.16573333597810733
0.6247065490865515,0.7831455667960661,0.12034966908552898
0.6029080162735568,0.7768004587691019,0.034310030014488166
0.6118292627579776,0.7908282042739597,-0.02745691650542349
0.6214748673273901,0.7732518148612036,-0.10711419683505226
0.5898939937086644,0.7762974447357157,-0.16090350404077144
0.6381053445436494,0.753457765452946,-0.22716460722194579
0.5880921817885271,0.7468892294963128,-0.274492789364757
0.5828013454217339,0.7323212629121433,-0.32935349659066443
0.5541372758881681,0.7340966492334802,-0.39685234796481983
0.5494043043295045,0.6792084036964865,-0.46365700955036254
0.5321959819409848,0.6580251678584506,-0.5167161923435041
0.5100623763575369,0.6298790832413136,-0.5615954750931657
0.47750685869988896,0.6169110067173746,-0.6230291979693103
0.45742213356448624,0.5915834956093385,-0.6743680127076395
0.4199446802403656,0.5279091255807457,-0.7128071162764719
0.4100226366298048,0.5092686109861074,-0.759461003025894
0.379750324444222,0.45968977920544296,-0.7970117357252245
0.35568910926325287,0.43177987355103753,-0.845154365240453
0.3105779530939142,0.3953026377124066,-0.8611439137208734
0.27648887819428586,0.332411884543529,-0.9033055028133773
0.22888061517940772,0.29667582553878064,-0.9364316925433898
0.19107883962803807,0.25092659121647765,-0.9564049582530055
0.17208955667181003,0.19695775961847295,-0.947823492399283
0.12325272299168764,0.14506620231482165,-0.9858427058154563
0.07137107292495067,0.11553482755232841,-0.992776882726946
0.04392432533651834,0.05819718636941104,-0.9909260729430066
0.004769487994879829,-0.010124073455414937,-1.0072977372926035
0.0001881021899589905,-0.0009938430437403032,1.0046288880839773
0.03361810697721111,0.06945646996522366,0.9923274513241016
0.06753005778632384,0.10826606373907344,0.9708694715758367
0.09986735745035863,0.17288372808828512,0.988381638496157
0.1388684763393471,0.20872112333324874,0.9655252625778427
0.17840365577976466,0.26223953738514033,0.9439488538961875
0.19040087696432567,0.34246305676666383,0.9331732286283776
0.21344628125544984,0.3643066375828914,0.9140239769646976
0.26083128737312455,0.4128746903365474,0.8767519827958938
0.27016767351064297,0.4711770063263739,0.835003355407978
0.3079865342153423,0.5161825440224976,0.8047004765341211
0.33786640512640553,0.5546054053089953,0.7646678108960251
0.37086518226885223,0.5716345812898188,0.7098266113201235
0.39620487273238014,0.6184586305066322,0.6644380694523097
0.404203232546803,0.6843083359757672,0.6154871451564619
0.44664224372603384,0.7162374018246691,0.5584357833425897
0.4557320023429041,0.7431540353177147,0.520059976116299
0.4483525347976874,0.7616866352513737,0.4696269740184367
0.4841909680414992,0.7824767678182831,0.41531333143886584
0.470833395004723,0.7998513066716129,0.34156314200186194
0.47899469665737077,0.8074127385539318,0.28706570326503483
0.4975054203523012,0.8333343516666857,0.21202649413473193
0.5070941519107066,0.8497491749380629,0.16110302199384494
0.5090049901833723,0.8413400309812087,0.08654013447700537
0.5062251944264338,0.8429330299025153,0.0506789906902293
0.5214369706104471,0.8673390855861007,-0.026790863798453895
0.5151623198372188,0.8629926328173829,-0.09235220936777414
0.5121829285297643,0.8513844720537163,-0.15497478974602558
0.5229175888009241,0.8367186728895596,-0.2193912072107479
0.4933135319864904,0.8243325050333218,-0.28821899733120776
0.47820169938194146,0.8028539338001662,-0.34218182617741266
0.4788400213969957,0.7679584786030726,-0.4148607149631619
0.4538033134800634,0.7466801767363925,-0.4685250570746133
0.4494128238079047,0.7319009890998406,-0.5207102731226273
0.4222920802250445,0.7058561820191612,-0.5822777809361591
0.4148277866122934,0.6856569310736059,-0.6303955725721881
0.3680404767123429,0.628718840462368,-0.6734187485145078
0.3744470089381433,0.5980236173694927,-0.7198439846241229
0.34124982549763033,0.5634490670637178,-0.7594623877550181
0.2966175847964352,0.5148888827862992,-0.805564509069086
0.27022774971363644,0.4657155095008839,-0.8253500596885122
0.24877969306975226,0.4295025321066349,-0.8496094062741071
0.23138063288601265,0.3616170090361497,-0.8988107117372055
0.1827365397187422,0.32715452443596466,-0.930761948834375
0.16418157807699202,0.25666337932793737,-0.9379123785301832
0.13083476970796615,0.1997804880981442,-0.9712598317454215
0.10079921288152256,0.17869417192810752,-0.9785947664005332
0.07073417338629262,0.10359261119726466,-0.9898778942397232
0.03341736590394598,0.07680454769246058,-0.9998471192157211
0.0033198188909377762,0.017025000893666348,-0.9870377521519638
0.010145201817561383,-0.017131914829308755,1.0183098791574716
0.022040899630675032,0.04703149941405395,1.0074063209583513
0.062230493309438584,0.11467834897193926,0.9955795021981574
0.06416319575130733,0.1545530210289696,0.9818019348123177
0.10403418799483508,0.2250789281074017,0.972100504513962
0.11941379629790409,0.2834056139284351,0.9476737751626497
0.13451537721602014,0.3463627691790565,0.9340745030986428
0.17201126202018627,0.4059902925019766,0.9118602066704053
0.20833857083202748,0.4506303444042341,0.8639452083010619
0.24017089459965235,0.5006585836844872,0.8258706247230345
0.22494399908019308,0.5294859185487227,0.8031887168191207
0.2638939969845883,0.561453677634047,0.7479599191408459
0.2902670219350069,0.6516231486536516,0.7262114593598742
0.3093374563295561,0.6739420156373594,0.6802616981057844
0.3230953804732346,0.6940524849774056,0.6181902435960692
0.3437962213300134,0.7359915712965519,0.5711583583847354
0.344041607549432,0.7895315608617349,0.5106620178660741
0.34850679893587583,0.801143661173073,0.47601719652479024
0.37172773411241167,0.8485596294792417,0.4041237092093341
0.37967947728247553,0.8389369426074277,0.3401760925246924
0.3726094123026489,0.8778719705311996,0.27514703938131724
0.4039634533825036,0.8932111673743351,0.2033659017473561
0.3941579781077242,0.8851091037944097,0.13960058278452686
0.4011529599840028,0.9048056365386018,0.09757731008527223
0.42885031189625866,0.9142145203188703,0.02913389357511638
0.4024345037362216,0.9253225741277343,-0.0428772888468878
0.39501449549797474,0.9047200346291079,-0.07978387810096027
0.40523057124337275,0.9045552163800927,-0.14192515197776606
0.3986660101361828,0.8941358050040343,-0.23307769809219797
0.40678065304708294,0.8752482825609542,-0.2925576147575136
0.38901161718445293,0.8440059558978098,-0.340691916148354
0.3670539863916859,0.8353387892117203,-0.42201469889923743
0.35326067094021774,0.8133676037468699,-0.46354449756290017
0.36008167696179416,0.796978106806745,-0.5142910139455035
0.3165848911039592,0.7252011810020522,-0.5831926745304202
0.3198632173436646,0.7206306487237263,-0.6185568607816445
0.30219261208363857,0.6931200188145209,-0.6678545651091484
0.2852261204315247,0.6428103651583328,-0.7096964624132324
0.2763815131757029,0.6028033675340997,-0.74892590277486
0.23546749323022198,0.5516293416869544,-0.8024562488602511
0.22067810778260893,0.5110269812145821,-0.8433188203628025
0.19534319584775736,0.46202619515519683,-0.8706379271328298
0.17300438698507,0.40659943032395574,-0.9016104551422849
0.15087662346258932,0.32893642002939294,-0.9299658088111359
0.11421369839373142,0.2939067492262787,-0.9300000857383164
0.09225409115201294,0.2392978803032915,-0.9599243254297009
0.09099233864496055,0.15757301382840122,-0.9841908128599776
0.05070512908086341,0.11797781947605716,-0.9860080602331617
0.007190978019697911,0.05363323605635005,-1.0107376164523871
-0.0037127052177989145,0.016872761750061346,-0.9805391416990801
0.000820698878169787,-0.006054746398713881,1.0139924799355835
0.004988214568769014,0.06631910151834845,0.9924612426065271
0.031159701449119975,0.12253694542254856,0.9863585676528815
0.043392902356322365,0.1834342189636029,0.9767346845865114
0.08931091399276135,0.25170351203994273,0.96251505828398
0.08240901638089103,0.30946311704522017,0.9526856400941257
0.11689526249518924,0.3632242898265722,0.9242110554079042
0.11453604676307849,0.422790590864208,0.9030798889373615
0.13937516996931643,0.47328224557907084,0.8652254583739106
0.15313022168016321,0.5303606073951298,0.8316034976372425
0.17667260940272694,0.5635725669566823,0.7974683854771901
0.17283998547253943,0.6060030622718842,0.7513702193263303
0.18736041430236466,0.6645068359523236,0.7109490953481837
0.22543763799260938,0.697876391237982,0.6807415724223529
0.23319293975931976,0.7534840689812986,0.6194212598527193
0.2193887350205969,0.8003663731987742,0.5636933829274984
0.23249583078127123,0.8177896430248679,0.5072909557604272
0.2518315830196625,0.8528394699738906,0.47262257069843394
0.24737847362823387,0.8771577864412532,0.40209389045889804
0.26903404848416324,0.9009489593538577,0.3416645317096854
0.27055217102220364,0.9208593545346249,0.2948469051717484
0.26971624623327695,0.9183443153153171,0.22731135277573825
0.2852707192580269,0.9572212735067361,0.1790986144631816
0.2994812348607157,0.9648125283647495,0.10866743462272088
0.2852359481621318,0.9433427445509612,0.03046519377256947
0.2675655040230667,0.9300964185073205,-0.03629585454509572
0.2960860492843357,0.9681550605015119,-0.10130603575267857
0.27746545760516167,0.9467694084610643,-0.16821716633800826
0.2814359428879634,0.9254528300341954,-0.2164165733281907
0.28510663935557207,0.9138589202498664,-0.28373136333565246
0.2649779607468014,0.8938771630239198,-0.3521880075835122
0.24785570737758778,0.8814696522943144,-0.40581307398684446
0.27807668670448776,0.8441083509877451,-0.45049764026491396
0.23164459588342376,0.8006553211303798,-0.5098380021051926
0.23761410249794537,0.8070477992916689,-0.5774627531652584
0.21765939659327657,0.7590704357341119,-0.6155189900874876
0.20558655992498237,0.7077560237221654,-0.6628609299241616
0.18888149875553203,0.6710753562799926,-0.7135983392361377
0.17135361890014592,0.625101751133454,-0.7659296063186762
0.16502236132549844,0.5746453575120307,-0.818476022696577
0.17279625873280133,0.5110702026932278,-0.8448247911251677
0.12968662591493973,0.4595605492020696,-0.8646834740751923
0.1226849053187955,0.42165790481232773,-0.8859668798635276
0.09281343242686897,0.3594438411198801,-0.9193783668986338
0.10509967904546129,0.2932754187945614,-0.9511235131805577
0.08325427347774603,0.24329055600031846,-0.9699191293202233
0.040498134389508215,0.18724797053010012,-0.9743542775111936
0.026536848262234302,0.11879491446485708,-1.007723405390456
0.00259533101087717,0.0679808184514381,-0.9965209012558239
-0.002715757006408586,0.00383488852577345,-1.0146721293168222
-0.015157417062926873,0.013012941634379133,1.0091393998387135
0.018402664325991712,0.08246833746460228,0.9955570660103902
0.03361711104379246,0.12979623949193814,0.9810717511537734
0.01856574743743102,0.19373205738142518,0.9837423740780527
0.04380511338219097,0.2598036911420414,0.9694087537462623
0.06027225900007865,0.31083252159432645,0.9390005136972935
0.06472192544837854,0.3764761816762097,0.9256827137348621
0.056110196099420626,0.43448720681575453,0.9074984534622703
0.07507683276973136,0.4902284775695793,0.8550692270942
0.10151676426288059,0.5517859938038127,0.8419097447746766
0.10978006182806072,0.5766428299685045,0.8046389409482962
0.09962300809099867,0.6459795586801008,0.7381118911567796
0.11722649883899432,0.6849773518941997,0.7160062616770221
0.11715968099624147,0.7289058939408184,0.6549576832950217
0.12169640162903005,0.7483928619282351,0.6195681496238495
0.13900909550333182,0.8220837116446118,0.5754776767348604
0.13654308345235527,0.8641359489546422,0.5080077084299306
0.16038262081991128,0.8626305318901348,0.47178395846580584
0.1482447187125792,0.9072331073926544,0.41651166440641657
0.14764065965219875,0.9254648333803054,0.3489525499234635
0.1556692820035237,0.9518194823314694,0.28078481574507663
0.15915404392282262,0.9738161793245249,0.22102255647703095
0.16234101269563225,0.9595768951667958,0.1774069991182693
0.14939708801442417,0.9669920840394247,0.09562956789042716
0.1619151660692928,0.9857911952183138,0.02078148339720328
0.16130770069617853,0.9884450294789189,-0.04260355297063677
0.15580868699123018,0.9767871011560718,-0.09101925735855709
0.1572850403827054,0.9910323509588466,-0.16088510772455986
0.15354987009615864,0.9682561796309817,-0.23189682861461822
0.16164605587925254,0.964004176887603,-0.2834622780413066
0.1384059894826834,0.9152942276561512,-0.3456559088649884
0.14612533012332332,0.9086349195417611,-0.41464926202921343
0.1354193522950431,0.8599167544255658,-0.4475501282454821
0.14341290237507395,0.8519191528461861,-0.5070119235579107
0.12872539380183146,0.8154032627281075,-0.590800104337494
0.12335397895245413,0.7747982604607916,-0.6409377820995473
0.1308880200188028,0.7386511230924856,-0.6659188634649759
0.09021960477493587,0.6855416062206632,-0.7271134876728006
0.08899506983385015,0.6364967624892259,-0.7673925831238065
0.1109629495643743,0.5943406829238536,-0.8026862624149382
0.08880434940198349,0.5349518573141807,-0.8370512030527119
0.08491819697770217,0.47156325668532517,-0.8874788192647115
0.0701163951011866,0.43086579628496563,-0.8983690494860044
0.04408627673368578,0.3736210692871654,-0.9316034858598169
0.08263593279848958,0.29912034234171664,-0.9267925357980212
0.038644980150492295,0.24902891493443205,-0.9860939611983779
0.03671018885698814,0.1918689105349814,-0.9899720357979026
0.019649062873184568,0.12252777074320284,-1.0023536586064745
-0.001927809440634148,0.04286625773312916,-1.0081472022862208
-0.0018197983383512,0.002566013827175986,-1.02983127244693
-0.005773562336936695,0.008753901708201263,1.011285814794905
-0.004074395995671733,0.05915524509619209,1.0098378276221724
-0.0038992062662831454,0.13245122336824866,0.9708952984058292
0.01656885678107991,0.19062255559223448,0.9958474292774216
-0.013283509538726902,0.25426393861027197,0.9903349077528791
0.006582437720213819,0.311447243643506,0.9414386430226162
0.00019652919939799722,0.3754837112557452,0.9299356192507586
0.020167556109198292,0.426437930079766,0.8998889280577246
0.02502788391064889,0.49898559007251886,0.8542869667929459
0.02407826381675616,0.5400764533493996,0.8245306728858366
0.01458936325516804,0.587374050682739,0.8068834177866958
0.03478820377706098,0.6498440001865433,0.7640429727306117
0.017360526662975422,0.6872804106487371,0.7118328615383488
0.03238290648381372,0.7430927680982158,0.6467202557976469
0.04008308914094563,0.7824630892968814,0.6275929610847287
0.022355655409928073,0.827772388371755,0.5726231275611956
0.03593613633254904,0.8557572443738339,0.5071264108735279
0.024124775200999198,0.8827760447955576,0.4636468001181975
0.0287991006331283,0.9116446540063221,0.40699702284497724
0.040664951580950584,0.9381127069584925,0.35277326362963396
0.03705792581399896,0.9651438228235716,0.29752843699789355
0.03203110929075881,0.9734800580192873,0.23278581217617678
0.040295562281077134,0.994528927582131,0.14858608285893493
0.03968812869667816,0.9833416308987025,0.0824802487107139
0.02102660272652125,0.9970345115515806,0.04581682358716274
0.031311995182722076,1.002844029851624,-0.03677880020643954
0.02469341450760503,0.9873068251778051,-0.10124282217062333
0.02617116393511662,0.9888878122802286,-0.17162412269418034
0.032807340804016386,0.9742091927545393,-0.21653063368829725
0.017787855164292463,0.9621987415004983,-0.27956241106594154
0.05019763577461403,0.9215104477848207,-0.3432706722817011
0.01983791230393122,0.9058048789399342,-0.3985296632759588
0.02808410400422977,0.8912471080182984,-0.4725101639646059
0.02887029150496452,0.8462656685344077,-0.49319929496266135
0.030132819531309706,0.8133433056106163,-0.5692998403709366
0.017486514429635044,0.7878509582436078,-0.6301274032691673
0.04577695344268014,0.7462117530090017,-0.6560727117744158
-0.0016570078485986864,0.7089795155314026,-0.7230003568099139
0.02572894841053717,0.6539399640979234,-0.7567979735090732
0.023928522840535156,0.5979351005189657,-0.8190873527209623
0.0357924092091388,0.5350465390837821,-0.8227144022137413
0.02965496578058551,0.4887590732980726,-0.8638435110562497
0.009049199768412265,0.4429262800728341,-0.9034646408720022
0.004591837458980705,0.37223425377744146,-0.9276301560749858
0.010281552724564226,0.31448859289824693,-0.9519045375744588
0.012743148106326502,0.23909547765748965,-0.9759674311076578
-0.015172423756112375,0.17944420272292716,-0.9901694221721329
0.011004400311803155,0.12184891693976378,-0.9935162327455748
0.00031801737682032676,0.052310807734960996,-0.9990335806501207
-0.0329288415816541,-0.005667215458970206,-1.0119561256655787
-0.009930957500586658,-0.01593019090717841,1.008641392855103
-0.01140773794573412,0.05646719980175278,0.9935447620074765
-0.016035922630545495,0.12056745055652385,0.9917316348807061
-0.014830290311254421,0.18766667225421155,0.972519801395189
-0.0252183472600747,0.2597872222412824,0.9867913311851896
-0.0322719973414222,0.32624216756553664,0.9429797513673528
-0.026610063893106606,0.35979802965014945,0.9412975241641415
-0.02460798515162928,0.42807106832510283,0.9117790063943636
-0.034698027552139535,0.5000522546848551,0.8729055770211233
-0.04654521724122465,0.5395203405843508,0.833436251317872
-0.07299054238737383,0.6005949078212176,0.7863585099344054
-0.05565074411386939,0.6400286700331187,0.7514406020007611
-0.05917602809387838,0.6979322747859026,0.7129220603830785
-0.07120143278924079,0.7428052950521784,0.6606545093222156
-0.09625121016709924,0.7651053423688541,0.6152440665115713
-0.07817106700114221,0.8179207907805771,0.558516083815761
-0.08477651095406764,0.8441591571568533,0.5190097567841291
-0.081525615604848,0.8933803369999902,0.4833087508394167
-0.09564004292256263,0.9096571964829512,0.40398442082272557
-0.08088726506319216,0.924963908550993,0.3349547407491515
-0.08971559871005151,0.9455948951188468,0.27802421453974324
-0.08994768537941375,0.9616349358221772,0.22001435830251878
-0.09083284172052582,0.9843511418702834,0.1609835084050761
-0.08363644052567587,0.9920537631253525,0.08305872464211583
-0.1020066379816305,1.008403968402556,0.03783376336397425
-0.07252508931101394,0.9996096883260677,-0.025041447125930746
-0.10162944376175195,0.9945932257232565,-0.09567696604740726
-0.07985920376235299,0.9902930891991116,-0.1783476919525699
-0.09969132505106727,0.9547370142826117,-0.21550621526714098
-0.0905777451471004,0.9622978950620055,-0.27914727740456485
-0.10922838375163957,0.9500381541228068,-0.3489832447670772
-0.09332700078710778,0.9109898228890703,-0.4050087479732261
-0.07900856201693314,0.9039783633384314,-0.44398349045200947
-0.06066217725656058,0.85160814031512,-0.514660989768969
-0.0832286155483207,0.8197395727552851,-0.5616414831179724
-0.05268054299034433,0.777529119272135,-0.6164198756239686
-0.06729029290600816,0.730136950893107,-0.6613047651640558
-0.06593722719655817,0.6710707208272133,-0.7109219142353899
-0.05967907585476158,0.6507565775791223,-0.7665965633035862
-0.05088117651780134,0.606065887654421,-0.7992141577363061
-0.048475512287930435,0.5484379399178078,-0.8563962276949393
-0.03506185625051343,0.4907325661108938,-0.8859422361003356
-0.04326587100638942,0.4135995837202986,-0.8968217947310033
-0.009867597981577776,0.373987644435784,-0.9304992447831566
-0.015510961734039135,0.31543293473896966,-0.9348261671594866
-0.02964971219218098,0.26547222217135413,-0.9618811316763936
-0.02176324541683974,0.16615346653752222,-0.9726323835776025
-0.02271589583500474,0.11187059533464926,-0.9898086322354074
-0.0166545209564408,0.06549019026650714,-1.0104901102671444
0.0038867463758039096,0.008003465347918733,-1.0128953164095325
0.004240395631048127,-0.02295698076160359,0.9919377789216909
-0.013616167144858759,0.04249400804961746,1.0070810305224518
-0.037469200401501215,0.12779290843216778,0.9894347396742439
-0.045498924293701774,0.20138801176550525,0.9773060614776357
-0.048550438443487665,0.2521732265367141,0.9537243396690712
-0.0701255154273701,0.31090364806413784,0.9429018182187887
-0.07875682451899751,0.37226022297681277,0.9419637654134044
-0.08912677541746593,0.40355941519993965,0.9060134949936731
-0.08672177457546432,0.4777175324328164,0.8815835838305411
-0.10970649511658002,0.5517939709510847,0.8256269221228516
-0.11648904131828569,0.5841106581402439,0.8157525836219821
-0.15517144494263455,0.634690971571331,0.7728243801746488
-0.15044701502547633,0.6893041936147877,0.7074372260340586
-0.17567837883019732,0.7219935955193127,0.6803743092186006
-0.16778038140695772,0.7643624224473881,0.6266413493716595
-0.1855203253869331,0.7873795537466629,0.5859341187097251
-0.1910196776365902,0.8206522058776359,0.5240970210891269
-0.1948584441473762,0.8865089744947523,0.4590494119699364
-0.1975361009587922,0.8779025049435676,0.39296005804295153
-0.22472153316959975,0.9229449051763071,0.35180382011107636
-0.208492704605992,0.929508381896683,0.27506909221875087
-0.20226425640155565,0.9627563365845304,0.23318825175544303
-0.22109003975258704,0.9454399328597215,0.14560736222213377
-0.23610920479888994,0.9636737372333853,0.10435198817210214
-0.2273166473522622,0.9787981260178135,0.04280543539715521
-0.2142166173810757,0.9768024282610124,-0.03233975085280919
-0.23345459140539412,0.9528095304776786,-0.11393770180789586
-0.20336220530018423,0.9650324791259294,-0.17999410470720978
-0.22693303937983944,0.9328581913388856,-0.21554219588605072
-0.21349864071371324,0.9424844709410722,-0.26063625135910595
-0.19569038197243244,0.9250069340154968,-0.33560737745046837
-0.2207239867362673,0.8895423930424983,-0.3918795353942007
-0.20827389205356903,0.8632278724442695,-0.4592534821032787
-0.20071871153539217,0.8297308605763299,-0.5157082394234728
-0.1686758860700625,0.7867615312874592,-0.5589336805038898
-0.1910682433476016,0.7749099144248953,-0.6167051541252819
-0.17534635358227638,0.7121812593378085,-0.6629575341668209
-0.1560022006553899,0.6668792229996939,-0.7124220423111347
-0.15076029797210852,0.6354939266489498,-0.7558634483963427
-0.12466005086702692,0.5934168904820597,-0.7849770996767305
-0.11548756563637419,0.5109065535529963,-0.8347446796989064
-0.10264807407408003,0.4767117430759783,-0.8794834193993192
-0.09166692969267311,0.42267226731561214,-0.9005313496275408
-0.08276366517314229,0.37450608595496526,-0.9213183200410325
-0.062238500615734986,0.31811331399383824,-0.9504043587750121
-0.05081103798508581,0.2574952156548682,-0.9645046088443059
-0.03399302717181616,0.18403472324166492,-0.9903934399437732
-0.03372507334114087,0.1320698016702198,-0.9785118098019737
-0.03545621750221466,0.050062685756108935,-0.9847941473425434
0.0015782527973135071,-0.023520976350180935,-0.9926753658506986
0.004578853454873703,0.005318341594114905,1.0028171536115618
-0.028762237306696897,0.05916996110397403,0.997827576493502
-0.03255594444612169,0.12154657284728271,1.0070480411878697
-0.05285436696910562,0.16072124889011477,0.9788675075400329
-0.08692445324752161,0.22411993309779907,0.9699566313010972
-0.12580662694803454,0.2924536683087429,0.9534285654649118
-0.13612701397671106,0.34880834510234654,0.9298893686409804
-0.15382549648868035,0.3926975087930998,0.9136938668692701
-0.16727912532392947,0.4707046277718305,0.8582017061458205
-0.19932865076071268,0.5078279073433908,0.848719141993483
-0.22160658166220637,0.5658733850549139,0.7966108948971332
-0.20762154870423982,0.6161633109155461,0.7761684952165556
-0.24463860050962238,0.6471806172495437,0.6884266247691101
-0.23939645307558272,0.7101375792470705,0.6635805872666987
-0.2639439539521518,0.7300741787487465,0.6202553897836629
-0.2921895307150908,0.756153281560065,0.5881020328721982
-0.29663894322194995,0.7924249036506075,0.518164441566434
-0.3019912340298266,0.8225216224982725,0.4483892344552843
-0.30747939316688766,0.8634562978284317,0.4069993698052354
-0.32633506791597083,0.8840313481237461,0.33682367588029966
-0.3382541361774568,0.8998632634086277,0.27567656742012064
-0.3431529869108087,0.9264013840892235,0.2253616856424635
-0.34635757574160053,0.9241013513756637,0.14977706014736983
-0.34017071045418185,0.9363511861846606,0.08427332065517851
-0.3289818060197656,0.940036846115023,0.0208020194819499
-0.31616473721760135,0.9486183034117911,-0.045101140725172045
-0.33241289840481286,0.9340996871677828,-0.1151417387439812
-0.33776316196254363,0.9273487620079478,-0.1824121364611544
-0.32720977943106877,0.9110928484048079,-0.21970434668112127
-0.34591871765416077,0.8992137113514211,-0.29057072292444547
-0.3195679091996986,0.8610351218479607,-0.3336814813485342
-0.32576073010386997,0.8443160264879402,-0.4084650163347094
-0.3036518169585091,0.8306861421759997,-0.45444978885336795
-0.28088811901218086,0.800255363655791,-0.5185949410198444
-0.2733819710474453,0.7681975839290162,-0.5970467087291971
-0.2634513630640198,0.7356281752497652,-0.6212801681878211
-0.2595940868818531,0.7018490774128433,-0.6763673909993099
-0.2385368923569454,0.6363632342123366,-0.7095241486667723
-0.23731782549298475,0.6247075542297134,-0.7597357431023734
-0.20409077251102514,0.5606415788136297,-0.8105981425757764
-0.19256226678347188,0.5125240547215194,-0.8371708641409996
-0.1697896539419377,0.4634536968106335,-0.8810015425457935
-0.1501297939072474,0.40444937789020363,-0.8910529465511763
-0.12239057059546032,0.35117674934483395,-0.913820276417435
-0.13774843171705556,0.2809462358457869,-0.9549072273669922
-0.0768406014495872,0.23107913819433124,-0.9568237246314543
-0.05456090444231173,0.19406908887580193,-0.9877951332664284
-0.04528681179118012,0.11230239875231522,-0.9991507811716858
-0.023102941722241102,0.06445590758904396,-1.006279008170311
-0.005175598538367673,-0.0022072752262943733,-0.9975686453595923
-0.003803362594077615,0.016774966581865357,0.992267370296455
-0.03907605481904274,0.062278180707996865,0.9895275431550044
-0.04237668639338932,0.1145419666897332,1.0021325214853836
-0.11211453441946512,0.1673987673437241,0.9936485765035098
-0.1108304667991865,0.2175333296305713,0.9834423021243608
-0.13386644105399706,0.2559372939250878,0.951169237049611
-0.17402170239953246,0.3359304336368629,0.9259061951362872
-0.21224835519480342,0.38095666165492914,0.8997024878863281
-0.2441680825712581,0.44878028534049974,0.8914190722709844
-0.2405044768400117,0.4796100987458207,0.826463264328248
-0.26594132734418996,0.5300109665623307,0.8029153066172582
-0.28705269995313654,0.5742910079448407,0.7758561669940693
-0.33402496792176617,0.6138325899602277,0.7135944964193228
-0.3470374349946284,0.6529011698214672,0.6665613399925624
-0.3663684340910507,0.7043654298665825,0.6187791285857444
-0.3987572801915705,0.7278002854758139,0.5747102790631344
-0.3874648161815102,0.7432676877332267,0.5195425957886989
-0.41461685541308674,0.8073454205348863,0.4854235128006526
-0.4192450773498854,0.8352142570736958,0.4169646561516189
-0.42169091100990685,0.8289233129548289,0.34154701755271943
-0.4371558438796575,0.8592142393444808,0.28027717524797324
-0.4573793269865685,0.8509008079980206,0.2319868501499997
-0.4676107389342525,0.8714016895870291,0.1328198003727902
-0.467169844949005,0.8969224926207381,0.09865243762581653
-0.47012524099073616,0.8833132044329188,0.019552194542898797
-0.45696811741032595,0.8910349888426229,-0.021870677690736907
-0.46180732244254064,0.8873819264534967,-0.09863732135377526
-0.45900103692839,0.8976407000795389,-0.15734180389297406
-0.4444737464129435,0.8723338502317594,-0.2126216924629176
-0.4349351843439186,0.8269051778057191,-0.29232691456091575
-0.4329054050901616,0.8346517487034756,-0.3469134136768259
-0.43069328849033045,0.802127777155352,-0.3903929721531502
-0.3973036676419933,0.7793684750395193,-0.47088495650100837
-0.3945211309965289,0.764904537214542,-0.5237749600690087
-0.38158051665942583,0.7307600213455608,-0.5732428464760472
-0.37099165462220035,0.6731329098270663,-0.6270885068955713
-0.3377760471901827,0.6617767348495613,-0.6713833176529815
-0.33260609507920225,0.5983061589833825,-0.7070400697139126
-0.2885914093865984,0.5884319055599735,-0.7400140689110039
-0.2685431147156592,0.5510823189602149,-0.808346390097363
-0.24621695583883912,0.4744705466747971,-0.8418666240378977
-0.21875937836496406,0.4349188734615745,-0.8515948493236032
-0.20786719497454945,0.3893902827914109,-0.8842996970004987
-0.15609362735006893,0.3325766156131437,-0.9381396526518694
-0.155496785196773,0.2629165676465528,-0.9604255044695872
-0.11991022724130601,0.23534922167785935,-0.9700683716018002
-0.08559634367046078,0.17103323681683724,-0.995318265890071
-0.054140855467271765,0.12588997908877847,-0.989930058120056
-0.02310476377489375,0.0646641068520334,-0.987537695102143
0.009955310766457868,0.01470153636626224,-0.9900875878170152
-0.0030303567790450794,-0.012202700907179037,1.0097122528690237
-0.04155834291299918,0.05415704631507814,1.0039014536737918
-0.07387472729950521,0.110509609487349,0.966171967160858
-0.11762018455418013,0.16420698622992363,0.9910384991676698
-0.15791719257513925,0.19992210902289248,0.9653372489200824
-0.18416489889645657,0.2633731464528367,0.9498467232957558
-0.2173040054212483,0.30409161025149317,0.9381267278123802
-0.24726120545312297,0.3447797819010563,0.8839826099569844
-0.286899999737549,0.40198473669300216,0.8684751729598953
-0.3081374865874568,0.45464806213140546,0.8410322799035047
-0.331044231409557,0.4818703113220601,0.8096993296972642
-0.3763754278406415,0.5375147983436546,0.7724841964112762
-0.39600756025858086,0.5822311436939133,0.7148062758054513
-0.4209266006924766,0.6105042476261361,0.675033667065904
-0.45906464878590725,0.6299452753506111,0.6139055626346444
-0.46431122085040305,0.6853832134931419,0.5812538908155598
-0.49303136061206737,0.6916936926087555,0.5155039089446892
-0.5039394036081876,0.7240394537787873,0.46230626228548116
-0.5294285278049238,0.7323364101787739,0.3976661871505139
-0.5152240636788789,0.7630227623903203,0.3571159403506658
-0.5411116607438439,0.7906769403522946,0.28108317708920066
-0.5577154496659855,0.8194854163241927,0.21058642957541387
-0.5672217952204448,0.809326689893679,0.1650409191743436
-0.5760703893447449,0.8093746799474103,0.09428608883504248
-0.5916432966600624,0.7987279048694749,0.038463130588913035
-0.5681144828921623,0.8161256782432937,-0.03554178280814258
-0.5546364407965981,0.8225140575435248,-0.1071571860589732
-0.5582959006647604,0.7986746594916756,-0.16089000498576111
-0.565254023211242,0.8125536715654815,-0.19489610864546736
-0.5410387154787165,0.7920491818402039,-0.2674896696781433
-0.5491898716409086,0.7700357451621931,-0.34981214893908114
-0.5266500264107552,0.7477400763543314,-0.41215956960450334
-0.4822795578788813,0.7390715377409428,-0.4653489593810911
-0.49323176841281,0.7102723470789748,-0.5074400324887294
-0.46016650482573324,0.6704885641067427,-0.5564358671314693
-0.4454411564855047,0.6440504065316544,-0.6298951841623717
-0.43452388506437734,0.6144181543328308,-0.6863274133570346
-0.41033372149784475,0.5776923917178205,-0.7230277660096093
-0.369579129135587,0.5363392963594082,-0.780486799652857
-0.3429164323796316,0.4764932825924797,-0.8001580130136644
-0.31775744891231855,0.4257521181045019,-0.8268210170320126
-0.29530769343296315,0.40160394587894044,-0.8551703409402205
-0.24925311998740443,0.34349814048086924,-0.8982176782792016
-0.19898250315154115,0.3288447580039331,-0.9269870737560679
-0.17505149241768103,0.2619932022622793,-0.927884025310229
-0.13605565185912868,0.2218136382910655,-0.9632928910857579
-0.1120370533969594,0.14406375468884963,-0.9829559328249591
-0.07750475765224277,0.10972781181142868,-0.9675886292891591
-0.042449175849852624,0.05366138859800812,-0.9966406105421569
0.007511406567538447,-0.004228437750890867,-1.0141178009734089
-0.005127585673816627,0.001108988402753238,0.9928846395425431
-0.03459163746658743,0.042635893909986525,1.014660517954067
-0.0954660361319368,0.08583036806931227,0.9908820057656155
-0.13788500176370058,0.1290100867609587,0.9878789102098284
-0.17074088425496203,0.18026247316273403,0.9743775475618246
-0.21394844987625028,0.23811611016211628,0.9551308862031203
-0.27415047712501106,0.2814448236580025,0.9243962784386353
-0.29208607994775787,0.3202035652755243,0.9040111942668214
-0.31302827588061655,0.3679036315063383,0.878336370892496
-0.34409293472985286,0.4187686336244471,0.8245060312563268
-0.4242092808019328,0.44125686682649,0.8052905405528341
-0.43038235917342993,0.4613123439419253,0.7770361776313129
-0.4808923832921653,0.5132901657936508,0.7183866009338286
-0.48827371059625796,0.5441743064598972,0.670806036979288
-0.5226768903338637,0.5804214380243468,0.6169016669071046
-0.5563388767986123,0.5934415929848308,0.5617540812597017
-0.5758584354831559,0.647877276845639,0.5054963187652014
-0.6028583594070797,0.6692138711126117,0.47005398219990185
-0.6153448373133151,0.6787903640756129,0.3943064355703029
-0.6441324816022269,0.7029618261099868,0.3209441153287827
-0.6667518962146273,0.7027310119546112,0.2727222939519623
-0.6568048809657219,0.7304805466382733,0.21693643688734732
-0.6633242773832422,0.7468054401875565,0.16256887288234828
-0.670400925977453,0.7417093417760243,0.11569184547945963
-0.6810835572192764,0.7460442398267935,0.03379360909293419
-0.6576988107597417,0.7418896650120261,-0.024719327754910002
-0.6642122635488436,0.7203929535632432,-0.09484990877409154
-0.6604593444951822,0.7414681272893499,-0.15129411262809775
-0.6742989771711924,0.7094766621375118,-0.22492417534678405
-0.6453988522040016,0.705774391703269,-0.2869987220410987
-0.6302693401833003,0.694142910694952,-0.34091400235880037
-0.6134826058168653,0.6561678848203902,-0.4020771271255593
-0.5959378317860204,0.6589737020995313,-0.47278551401083135
-0.5696441122360069,0.6229123387613419,-0.523422696055268
-0.547560450895571,0.609471724619658,-0.5712731736457858
-0.5269076065933342,0.5703919562964858,-0.63453411037764
-0.5004367405886874,0.5493624473042683,-0.6778878350269394
-0.47057679299851635,0.5131760205192523,-0.7220740484997473
-0.45656266377729793,0.4844784410263714,-0.7586311647090802
-0.41652620935832374,0.44952255625889465,-0.805771283227888
-0.3490156000699417,0.40915471469517956,-0.8225311228871135
-0.3270365685653527,0.3627199917274514,-0.8871942058751852
-0.28931787003878934,0.3178055078925881,-0.9074125053601076
-0.24544799245595447,0.2616398511037653,-0.9231618216210271
-0.2075304819186627,0.24294680558756213,-0.9424632710276635
-0.17681725677729657,0.18477309828779115,-0.960516540117821
-0.13219836695114895,0.16397409833735596,-0.9746501209293336
-0.08301020126982112,0.10879212608022443,-1.0161216245121036
-0.047639966969841595,0.06112248324460571,-0.9829845119411579
-0.025194286193428624,0.01175078456133787,-1.003572315521839
0.0010805108902675572,0.015322755344733095,1.0110496873380141
-0.03651302925723961,0.03776021770303824,0.9925600107638274
-0.10631688018271755,0.08563047010211358,0.9960324433595797
-0.14864776241634467,0.1238960289289576,0.9762029705681009
-0.19424648465218608,0.16613020485162833,0.9607550080117468
-0.236089772014455,0.19792504857305224,0.9515674779954651
-0.28051378263962984,0.26761178041849965,0.9202894847114774
-0.3443546676218014,0.2798088517081315,0.8960128019868046
-0.38080444841543987,0.30864283047837676,0.882556027535361
-0.4086962041171064,0.341693165133799,0.8261780487314949
-0.46338032369924326,0.3922721620024659,0.8082050153982164
-0.49674415150628115,0.39684635240438326,0.7569334698856702
-0.5252278104095527,0.4414654611373335,0.7254217672465746
-0.5789201768649024,0.4700998926460592,0.6638948092292607
-0.6181808095160809,0.5085183888145695,0.6140192162282408
-0.626183679912587,0.5343927004475539,0.5677154902973649
-0.6588260605982575,0.5454409495901881,0.5175118333000025
-0.6982045086617966,0.5720005872245627,0.45981825758634903
-0.6798371846026474,0.5763339160127585,0.4089684782831376
-0.7230485941137398,0.6037052474606722,0.3603156661558254
-0.7249378681739708,0.6332919145287929,0.2964543880591428
-0.7627015129361856,0.6418529954261888,0.2294650419900922
-0.7523669498170005,0.6392181257539378,0.1621743146904691
-0.7569478192648357,0.6500806232454994,0.101345877056067
-0.7466071041036948,0.6357247166802449,0.018842660220631677
-0.7549630427582155,0.6399821502265027,-0.042684575410249614
-0.7606189886021136,0.6623807747206136,-0.10064572750346364
-0.7455825336310146,0.6540495459780937,-0.15742244903957422
-0.7594805499655508,0.6141956245809455,-0.2245774115902639
-0.709370274669333,0.6266612273986785,-0.28788744197763366
-0.7165040757886265,0.5974361822217729,-0.33770536402657314
-0.7167911833244061,0.5908056287964378,-0.427460791820226
-0.6709309853695599,0.586114777788038,-0.4799096670883081
-0.654034412309795,0.5621892056178459,-0.5032800471786051
-0.6422645458838802,0.5289264890615332,-0.5809725021675697
-0.5916073764919064,0.5128529612028558,-0.6242031422719316
-0.5434316790832303,0.46648807153006133,-0.6837635198985075
-0.5386909920386949,0.4780164828340585,-0.7180588566233989
-0.5028125326686808,0.41148426428618884,-0.7584620246274787
-0.43603808326840876,0.3782045884022194,-0.7800230768554551
-0.416626937836103,0.34600809745006345,-0.8310631291840833
-0.36245351253032626,0.30794962616057425,-0.8774366228970599
-0.3121637823750163,0.2885076693573882,-0.9083764156349764
-0.2800471781301093,0.23162835607594548,-0.9311062159362314
-0.2352379247147591,0.19429589556710136,-0.9431262796943639
-0.20902185111306618,0.1731423526544569,-0.9719242810557158
-0.14963093496366994,0.14819835873354778,-0.973889610380201
-0.09583857014305598,0.08379668519527758,-1.0084153374167881
-0.040309437651384256,0.05215807752521608,-0.9982071086894542
-0.008991851266505717,-0.00018229706933869407,-1.0028407792723413
0.015665906498402927,0.012308022819843263,1.013273868123884
-0.07149080967765079,0.03928094739849674,0.9908932796374477
-0.11583165636629061,0.0777290175309681,0.9973119961499125
-0.15197588661216663,0.1279607970758166,0.9891125045751527
-0.196461389094841,0.1456841239822264,0.9487875128003258
-0.24761095472863454,0.16787031434268115,0.9315569840960761
-0.30583311034927757,0.20367499610830375,0.9537357164319408
-0.3628757854278912,0.24370461631004492,0.8941564250181465
-0.4043731180277559,0.2779816403761647,0.8833594463631148
-0.458007483269169,0.3111935080160264,0.8340147218826168
-0.48700612115408093,0.31996122653967085,0.7977194165944999
-0.5404678189135466,0.3381326641861106,0.7497114959694821
-0.5810834791254129,0.384378215081426,0.7178191289619633
-0.6191899230964168,0.41175476265375516,0.6618075612865154
-0.6735691637445456,0.4287456517637477,0.6285102565303176
-0.6841128591759796,0.453719946035388,0.5558709809758577
-0.7045829256648147,0.48806126468724587,0.5274009985222087
-0.743097911508611,0.4682300200167175,0.4523161665580711
-0.7606363309011168,0.5127012308309842,0.3928933968406714
-0.7738138746413825,0.5027675344617155,0.35833001134907394
-0.804798705677523,0.5284198778563033,0.29063579685824287
-0.818818671411359,0.5456102924016117,0.21238023126583416
-0.8151310597642548,0.5368778187333896,0.16274691243353406
-0.8333274446728683,0.5310148107939497,0.09397722742666574
-0.836694345127317,0.5375801690002683,0.034263658567018226
-0.8292269695602031,0.5558538744161973,-0.047986933079884816
-0.8166511345874462,0.5413533438727991,-0.11884669898478939
-0.8411449133813629,0.5467666829442911,-0.14677401068113213
-0.8100548858209452,0.5393636169383075,-0.22768358099267108
-0.8047624741044244,0.5385647279821929,-0.2809824512877818
-0.7764742152181454,0.5023764058770609,-0.3581179792614865
-0.774371824868262,0.49986688078394487,-0.403603183565486
-0.7367170368135588,0.4795813329716382,-0.476001648349688
-0.7203320468810769,0.46908405543573173,-0.5165556889723723
-0.6853776769392217,0.4500666692356474,-0.575505709001271
-0.6540391424680253,0.4135729386863791,-0.6204291821601844
-0.6085816844323227,0.40233963117097055,-0.6721261070516039
-0.5912411026961023,0.37970754322114386,-0.7145125768710155
-0.5438958802684836,0.3354188416560353,-0.7779351780378777
-0.4993628764967618,0.33156153083194856,-0.7951965657012526
-0.4648261913356907,0.2831616142707327,-0.8414843084374392
-0.4117845472499017,0.2538793633026498,-0.8699941068174757
-0.38512905374519013,0.2368148236275555,-0.9020995975247998
-0.3026949821586548,0.17779146962564576,-0.9287411861818387
-0.25724407955931305,0.17339330414832574,-0.9528763613082093
-0.2219048108127895,0.13581564534972798,-0.9727730605768471
-0.16900395479278815,0.09889034455765555,-0.9927281862964373
-0.1134970045906349,0.06886909671978349,-0.9728085615448038
-0.06113187953863196,0.03029924797970778,-1.0008228880608585
0.014399458106895196,-0.016042863765740562,-1.025670151135387
-0.0024540694411706193,-0.008248318303397846,1.0092249888445581
-0.05647197167163389,0.014181133647142954,1.002970905801734
-0.11760548963062609,0.05913259011603743,0.9917299182933315
-0.19773760589052045,0.0752066952628445,0.9700574795077671
-0.24097124517197632,0.11184614776714706,0.9552729018370798
-0.24468353743724341,0.1390562196250641,0.932548141957872
-0.32671085392728205,0.1538100770170707,0.9376172642441661
-0.3871589178810769,0.18298504222728046,0.8985673093378524
-0.4518911049025078,0.21288033011858176,0.8782228086866095
-0.4702694196471858,0.23451632384156024,0.8305208666473068
-0.5384768843443316,0.2501207187990022,0.8036262189379252
-0.5819571516645878,0.2873200670660593,0.7628278730367171
-0.6238653088051239,0.3060012679405959,0.7200907948139517
-0.6709356476333245,0.32628792912072674,0.6722285247213935
-0.6937546535250914,0.3232765912076286,0.6243307275912251
-0.739570981343749,0.3663757365678666,0.5678906720814253
-0.7696201770520102,0.3654989069010151,0.5221792633912438
-0.8056344819035473,0.39409830658657674,0.4707212713914777
-0.8189225695870236,0.38435879327822764,0.4131401091672428
-0.8259380696864463,0.3940470870080124,0.32813794275240443
-0.8501604760013522,0.39712275934171726,0.2695718127195088
-0.8733806752817238,0.4122621911049482,0.23166978709273542
-0.9047649548779397,0.44360272649710214,0.1481088336942783
-0.8734682170512705,0.4375050492724008,0.07863520319277711
-0.9105030526431005,0.4177931738202406,0.03492862855051897
-0.9022759118485336,0.4334284452380188,-0.03356127728060269
-0.9007130004510462,0.4362429250248142,-0.10597099957509701
-0.8957968991643731,0.4427582087134826,-0.15731417815196855
-0.8744751002760214,0.4192181689000532,-0.23608642417304324
-0.860148320621876,0.4225762097784873,-0.28640601760800444
-0.8528545853005433,0.41860435552117725,-0.3514748287144192
-0.8288276581713224,0.38995255345612023,-0.3843461580915454
-0.8097141963689888,0.401129083103856,-0.4477570694366401
-0.7816260591387924,0.3601094990067049,-0.5109817637953171
-0.7396839033748664,0.34197417934702967,-0.5575707750834628
-0.6897248880764966,0.34714797249906715,-0.6058601151318347
-0.684909567862635,0.3169903889500645,-0.6653338634834192
-0.6236262803464129,0.30062534592637213,-0.7187017749081375
-0.5861924386431359,0.27980243904493857,-0.7488791888405135
-0.5350848344696058,0.2681271956807321,-0.7927488660380495
-0.48251075213864403,0.21694573063178604,-0.8447034687362985
-0.4326102794264636,0.22967005201777896,-0.8517704223163263
-0.3931117007828035,0.206514764990127,-0.9004073565370684
-0.34999725496501055,0.1598757258847862,-0.9150258822936383
-0.2948621561313572,0.1415398919795058,-0.9415733826489732
-0.22624588766131662,0.10194666090432201,-0.9678196149059903
-0.1737257225521019,0.08138379774432357,-0.96908424841425
-0.09933645048994774,0.05093538553852976,-1.0039710633728771
-0.05214396063087723,0.03578541043385794,-1.0241906576997148
0.0017237050581388527,0.004422913737988479,-0.9908585555074573
0.007990326438286562,-0.013212194045029584,0.9950890413258112
-0.04727695979311082,0.02899660194367384,0.9975738060177175
-0.1422609978023854,0.03670503075398869,0.9805202848922933
-0.18451182931943055,0.057845924536365625,0.982962995526814
-0.23361200658502632,0.07349007066587446,0.9567898728199353
-0.3006790671055512,0.0991591778764998,0.9524806982640323
-0.3498819786681643,0.10319593377597844,0.9253515817983309
-0.4302486125693703,0.12891896422162774,0.9054576290196533
-0.47820836260764754,0.1624706418569132,0.8604878895876452
-0.5033957257157254,0.16876360216749867,0.8541972414594076
-0.5643994459382651,0.19225559716556118,0.7973851647085646
-0.6158851615520005,0.20126871146486044,0.7518048275956003
-0.6841397288619381,0.2385913850213311,0.7124582043802311
-0.6872017188977761,0.24441689268498207,0.6644035910049455
-0.7304502895164805,0.24910848080891407,0.6291727624618558
-0.7724984089587923,0.2597426821390563,0.5694538149962542
-0.8130754621632565,0.27892789094824727,0.530402398465095
-0.8387275382777236,0.26436794490590804,0.46267133330972027
-0.8669731394460354,0.297865051713106,0.40103255625506207
-0.8794260472051588,0.2900250632155607,0.3427244567933663
-0.8977979125915987,0.30544963388393315,0.2758586450539178
-0.9199053467943046,0.30860662820396073,0.20360504181020947
-0.9433924599876287,0.30994789662531075,0.15450328472552338
-0.9337375707070614,0.2988991835794453,0.10848202820651259
-0.955994211618445,0.3038579647471367,0.04448503458518322
-0.927380007341541,0.2982341327288881,-0.035365674223384436
-0.9367813712304046,0.3172443654209544,-0.10398762114202172
-0.9422864786302546,0.2963160085444803,-0.1583258314549949
-0.9232564486496216,0.29454907479779896,-0.22321605628167954
-0.9019227454956421,0.30721775804000057,-0.25982736473637347
-0.8873182616915137,0.28163527575125696,-0.35241385293406813
-0.8678304401914801,0.30102055278686923,-0.420319490245587
-0.8483251748337663,0.27473475958009874,-0.4717383532040721
-0.8173135361981462,0.2790255068350931,-0.5125005778740832
-0.7902345176173454,0.25169366794068987,-0.563677221007935
-0.742868676543331,0.24093787642253886,-0.6261934394069231
-0.7027812939880203,0.23892366129375148,-0.6807305757676904
-0.6640177821103757,0.22938657286111697,-0.7145307887051442
-0.6059317281528738,0.18581307174706108,-0.7593840845576115
-0.5759203206044303,0.19103727146339153,-0.8013421474411087
-0.5378772782191127,0.173399727019966,-0.8463278128000183
-0.4383660919153345,0.15445685859200903,-0.8727663458871523
-0.4015601115713954,0.14162276389675377,-0.907840440801188
-0.3605574261874687,0.12511456443601635,-0.9204831599867204
-0.3070938103272173,0.11629512641351616,-0.9527836654747464
-0.24774967347785803,0.08169708238178645,-0.9646444438059519
-0.18988165408174848,0.061459813911209166,-0.9785573633635994
-0.11986838688337478,0.03896156606982333,-0.991401949789217
-0.06514196781333763,0.019984639661634173,-0.988655518452659
-0.006043684646771753,-0.013773789652196129,-0.9915009649338868
-0.0013321152071710481,-0.00546991239896525,1.008504778105463
-0.07693104237568217,0.012742825111886976,0.9719173760905598
-0.1448141988532436,0.02144270022682506,1.0074265649660672
-0.18303506065944258,0.03250394802540123,0.9810455373265653
-0.26232488319990754,0.06402154818247632,0.9608029515966219
-0.3254349240186048,0.045502952490453906,0.9520128307939363
-0.36148752199793494,0.0747734599738942,0.9080313163392315
-0.42041390001734963,0.0837920764651769,0.9055512622703962
-0.4918092269374774,0.08807459326136882,0.8693057989135785
-0.5230391926066317,0.10009256841721412,0.8354707321926544
-0.5848625653176645,0.1109635854820967,0.7977907994887049
-0.6344365967330852,0.13597737428126022,0.7578697884826294
-0.6888651437003583,0.11738146183960367,0.721186866880857
-0.7112413687217043,0.1431714818261145,0.691588247581737
-0.7738096147289449,0.1448093479338945,0.6360032872104713
-0.8100034575701832,0.1682279350727106,0.565394135010334
-0.8471637767286555,0.15277573650293366,0.518652509044323
-0.8671795780104908,0.1671818686020522,0.4610613032684623
-0.896982429151188,0.16362446498347394,0.42323455195780807
-0.9344152603069711,0.16245471681272303,0.33865596447461704
-0.9409746494849333,0.19879598512321411,0.2795359941198478
-0.9656204887247292,0.20315113291430967,0.23386048144975125
-0.9740638957121471,0.18770903501055708,0.1667703251343494
-0.9885148002993704,0.17542036914332096,0.08436560763218992
-0.9855877283963409,0.19640112998446124,0.020248899903754298
-0.969119273905618,0.1908716534226415,-0.028060919604547225
-0.9694713967325922,0.17901850120586554,-0.07240700153663905
-0.9587524205638175,0.1976172221198518,-0.16433889926474987
-0.9516539432561227,0.1967625952711111,-0.2306450276681395
-0.9332869061882878,0.18818408001004508,-0.2992501835249144
-0.9206492148011822,0.18502658567489091,-0.3435636641855086
-0.8788012759851513,0.19089512102709014,-0.40840274374134933
-0.8729183482134105,0.17322724691934238,-0.47859700341463807
-0.8177086474420209,0.1687536180366836,-0.5323738904256737
-0.8060714162915233,0.15649613891439978,-0.5743725060959034
-0.7801896664056022,0.14794187775071285,-0.6199679998585963
-0.7116832533708058,0.1468189322963918,-0.6520038926011353
-0.6979884071606499,0.11400136748945229,-0.715842208655658
-0.6357323925575555,0.12800481053686422,-0.7478664286113844
-0.5735362989735375,0.12366761031168089,-0.798505548675729
-0.5488337154593819,0.10716636839610848,-0.847946135124199
-0.48888082950300316,0.07663142753926784,-0.8408052247715343
-0.431529852229095,0.09452944633675225,-0.8988917346323074
-0.36943449339359563,0.07226576998447565,-0.9463804722402127
-0.3057915798442756,0.07142263436904776,-0.9403746655984576
-0.24171694669081095,0.030995300204356462,-0.9717071834117716
-0.1832893397053289,0.019538727997392185,-0.9862909690484154
-0.11722269960390043,0.024972625001997865,-0.9915910088519234
-0.0566068200932449,0.014131090058406402,-1.0017023134447165
0.006244786637296132,0.02207092085594147,-1.0034076850351894
0.017557577062680543,-0.01606216757235746,0.9973572182982807
-0.07366312970813327,-0.00930289445448211,1.0132205647679768
-0.11986544275884183,0.012410524180958532,0.991702590710718
-0.20484091942315927,0.026148276461135045,0.9681523667953258
-0.2613456508014388,0.011514825960806918,0.9569266026333425
-0.32564096436852064,0.043834231539341,0.9398897306792187
-0.3724818878649819,0.02595447592590616,0.9154124982619262
-0.4079686888162689,0.025661478854040996,0.9048141160879417
-0.4951385373101327,0.016753872571884085,0.8716999679315345
-0.5436247172087232,0.023519351074304213,0.8486844746157939
-0.5977679390288467,0.04875437760330254,0.8068829985032575
-0.6569169884987636,0.0267341535951068,0.759127248627351
-0.7021607729017273,0.05947776019282601,0.7134709146245389
-0.7370819040334293,0.04838872171457197,0.6625524297469634
-0.7676365914288955,0.04951200001239554,0.6276501850972637
-0.8140347078257278,0.06119279414604529,0.5889283453418659
-0.8507168780532581,0.06385463290998375,0.522497116991378
-0.8709240587760501,0.06609227614206732,0.45685719906251576
-0.8862156453573103,0.08201475925555982,0.4136973010285017
-0.9360352350755999,0.055051904084404524,0.34961224908694416
-0.9583256176309944,0.05383200681519279,0.28970183509523706
-0.9695999272037082,0.06631214382525555,0.2072508788963372
-0.9824011843880698,0.05551236127776726,0.16175830623009949
-0.9993605682687259,0.054812448080352,0.08737950385098855
-1.0150518388326375,0.06201384297066629,0.010114887228171505
-0.9867406946369126,0.06413216083198316,-0.03574116640549305
-0.9747787590321435,0.07470264718447879,-0.0947556671927673
-1.0008722170456104,0.07180427205851285,-0.1546195073708905
-0.9538114658611934,0.05636046037983715,-0.22565969569791286
-0.9666424239191418,0.07343980211208233,-0.28561833253809243
-0.9243218924036456,0.06897382161730722,-0.32720311666329893
-0.9063067644020953,0.0491532467432135,-0.42457473451901934
-0.880152941356219,0.03901048687822462,-0.47787802089860165
-0.8600190151284219,0.054298496485805973,-0.5422405415294803
-0.8067528431353032,0.0499139889259574,-0.5883741605823013
-0.7862795107002487,0.05348965273792058,-0.6281594075487303
-0.7492682920024089,0.03706366969193357,-0.690543086971126
-0.6960512602344613,0.04663714063817085,-0.7276483808836143
-0.6527366415021658,0.04521140812639915,-0.7566247158705688
-0.5931510767231608,0.018380157776984832,-0.8013804279577132
-0.5610943247063519,0.02354277800917413,-0.8562899465644431
-0.48179111798757207,0.03418514180325807,-0.8777642341460714
-0.4302277304311614,0.04136224684134896,-0.9083372695494154
-0.3723526804485529,0.02156121854152868,-0.9172091232895893
-0.31143605658607915,0.015588013599452295,-0.9413708109442399
-0.25621576394140066,0.013313652820410993,-0.9785100333931065
-0.19051086671625697,0.005272311583886989,-0.974744622723695
-0.1315797174086668,0.0010250321524017687,-0.9760430292226719
-0.051391338737571644,0.014089794077831196,-1.003640411187917
-0.0034220927482758222,-0.009849887330955924,-1.003040364097122
0.003588449390082501,0.011980851311369875,0.9998430010409981
-0.07350766056352422,-0.005176529091351996,1.012369009089533
-0.13150132200009887,4.468918382929607e-05,0.9920219466658985
-0.197326888547415,-0.019259752357038203,0.9845273053487344
-0.24326127502682757,-0.02779716724540801,0.9695824436427253
-0.30940084883657804,-0.02251609036950791,0.9425231851042927
-0.38089550400001165,-0.03368577120291806,0.9148755493442156
-0.44108239937196003,-0.04924213566667672,0.9066201855682008
-0.47797066544664274,-0.03492572753590346,0.8675707956903026
-0.5470317639809082,-0.025877938145588905,0.8349694853760011
-0.6017795110848563,-0.040233492203866815,0.7968643254379502
-0.6596697308771259,-0.03559181028902587,0.7727067181559383
-0.69546420209405,-0.0523754480567633,0.7187717934893632
-0.7279952154994711,-0.07821485851889926,0.6564293561677219
-0.7956049240189775,-0.04794080987023821,0.6286740119736228
-0.8133598689819528,-0.05167906225240872,0.5905400039216927
-0.8542820619336369,-0.05630126936849681,0.5221517525130779
-0.876991372082468,-0.04477785475515876,0.4694083806412641
-0.9274274481649266,-0.06900983004666018,0.4151666016203324
-0.9294794526007696,-0.052883115514828404,0.3359013833466688
-0.9607521647531269,-0.06290343470392075,0.28989413845208567
-0.9722782263258484,-0.06029551375593148,0.2356743220198721
-0.9836564310602331,-0.06887437837319864,0.15205186773058815
-1.0015148059509522,-0.05569174461708419,0.1091319649973353
-0.9971865350051909,-0.04466380191775915,0.03792010603088343
-1.0039657983776233,-0.06291049988479011,-0.018942084314018
-0.9971311599367927,-0.06930735310685049,-0.09872524227428493
-0.974358808557749,-0.06751822669423738,-0.17115041329500474
-0.9718843029349994,-0.062011594394685496,-0.2156028952264293
-0.9561507851719796,-0.0682663561703558,-0.2716135622820258
-0.9392290028940847,-0.048700301436329904,-0.3391097476573899
-0.918485416685099,-0.06102640973989588,-0.4063920355683724
-0.9025554469175068,-0.04877402259373219,-0.46752044322208003
-0.8661836381670542,-0.053023001432307114,-0.5214924995486001
-0.819829649430696,-0.03717446870421069,-0.5783699923572594
-0.7757704342220345,-0.047390131289787744,-0.6015073945109877
-0.7449066661054621,-0.03161437855767801,-0.6711197021884908
-0.7119929870530637,-0.05431991126141199,-0.6985916950396481
-0.6533468860475405,-0.053906371651025214,-0.7552450492342506
-0.5831137252539133,-0.04029428771494673,-0.8046877809050571
-0.554553056881997,-0.035310247977867325,-0.8276704203785102
-0.4870858748425922,-0.042334496961842036,-0.8533717862651404
-0.42594638643969734,-0.03565807515764818,-0.8773825695596955
-0.3648481008374728,-0.03432617229000958,-0.9222267936818797
-0.3056475944871728,-0.0007813225228084052,-0.9477956792193403
-0.2335257562997352,-0.020631500501957896,-0.9656034751892236
-0.17614758690960974,-0.011264590347859869,-0.9714044997707371
-0.11598769274533749,-0.015687367910879324,-0.9967982416068006
-0.06241308573205321,-0.015344837639978466,-1.00599136886736
0.006168522161719259,0.010451974116397927,-0.9985941195120134
0.0004889302371471127,0.012601850075855275,0.9871223731327807
-0.06715978224349782,-0.023319175769060063,1.0068168744765473
-0.11682556765550083,-0.030268736503424917,0.984851513783069
-0.19097692789502038,-0.028992307792492126,0.9900145352794504
-0.23473225838946848,-0.04413712722921746,0.9483139338165424
-0.3095859239878091,-0.0553178335209256,0.9488787868700856
-0.367292997533053,-0.07890249280963918,0.9380047683245009
-0.40889983490612714,-0.09262336527266851,0.8937080669143793
-0.4868393982914097,-0.08149283693182027,0.8730714826242096
-0.5341055641145037,-0.12609738097848366,0.8489708296355434
-0.591694997618647,-0.11097290800980252,0.8108266371613402
-0.6421363285833187,-0.1295423675143249,0.7629569327793033
-0.664384377900357,-0.12389419683761152,0.7241762569509071
-0.7274191884884055,-0.1319500903866564,0.6645192566610114
-0.7771766528742318,-0.16551029976475695,0.6073111938706103
-0.8159088040006622,-0.16676948360269855,0.5864673560891893
-0.843195845292141,-0.1579817166338747,0.5329859042703959
-0.8658305184944987,-0.16835945312770464,0.463808755102229
-0.9016970443566358,-0.15700651190386813,0.40965468151452483
-0.9177819477191678,-0.18464097065197552,0.3414897653221902
-0.9403130065737153,-0.1951976817327286,0.2871713761327224
-0.945578482183741,-0.18784735442229122,0.2468679032077809
-0.9783094961798584,-0.19086696788080942,0.13400715251624074
-0.9859180129128011,-0.18544570210758957,0.08731723265121916
-0.9786730453278585,-0.203836063170155,0.008627075506626374
-0.9794031758252759,-0.20243171058850024,-0.04892955993629859
-0.9708436727160659,-0.20308844379882618,-0.10236399288665031
-0.9740404348027386,-0.18725182275583177,-0.14874455310530313
-0.9597130682414924,-0.1914483525238848,-0.21830327853799758
-0.927289000041126,-0.18735448182151437,-0.29323708755195693
-0.9316677745681035,-0.18092390029432553,-0.34075855197508786
-0.9068349546197911,-0.1808318480780317,-0.4060981256383552
-0.869271398322651,-0.16647118453801604,-0.44389275624070335
-0.8317840820379724,-0.1561527957243115,-0.5038732187406856
-0.795679187869855,-0.1469162444308181,-0.5710293561230984
-0.7708881149232134,-0.15452378997489674,-0.6296770053549864
-0.7295389469548258,-0.1587057799951288,-0.6728878699837286
-0.6797810126027479,-0.14878997661005536,-0.7222224688876645
-0.6355353947195433,-0.10758712467569297,-0.7764993087185825
-0.5955981036244943,-0.10987601553039605,-0.8061052460460073
-0.5267192934294173,-0.1026828688832053,-0.833045294511535
-0.4924036419714923,-0.07480053156667987,-0.8965474378559506
-0.4121304442991714,-0.0884032671455295,-0.925080486149725
-0.3776385606871939,-0.06812355048263835,-0.9238488029239145
-0.29927662429432456,-0.053742654858805965,-0.9453254942871833
-0.24572721131143957,-0.048263973773777315,-0.9568647305854959
-0.19579831539457768,-0.0457383432960828,-0.9754786421011394
-0.1390718637344075,-0.033302026535618964,-1.0050715695336552
-0.067666175345757,0.00025136563569565923,-0.9974867527255908
0.006250144158444688,0.00391091512110353,-0.9979387499062277
-0.010965858775268985,0.0016465366050040476,1.029144909105945
-0.061331029544648925,-0.028409396586252064,1.005000222492152
-0.11505243291226039,-0.024592151929565483,0.9930860251828023
-0.1716416119970761,-0.07979197217735823,0.9842560773498238
-0.24587650993820068,-0.07889849574131957,0.9648051259291757
-0.29987631432701034,-0.1087187778956848,0.9432836887942372
-0.35249445179137245,-0.10697784185890791,0.9152124466571127
-0.395803254344498,-0.12670614356626514,0.9281695776853599
-0.4778558783789468,-0.18249229408095863,0.8768452539651289
-0.5265931973049487,-0.16693716112369916,0.8501374082792915
-0.5690080351019894,-0.18631420699809323,0.7997458787120014
-0.6127546611209187,-0.2118360032128247,0.7555385066481862
-0.6814182301391998,-0.20565560861357077,0.7315002238728024
-0.720657081074025,-0.23204305708113654,0.661785887204521
-0.7592262434947926,-0.24123133822552062,0.6325511144363092
-0.7729742623307507,-0.29244850141927975,0.5858382746994182
-0.8195088759425205,-0.27565221434594256,0.5390819888887248
-0.846742817981148,-0.27363149543362675,0.47285295035449765
-0.8773418682305657,-0.30410619692509755,0.40668126656607123
-0.9028125959944493,-0.2844173745396122,0.3369176291269877
-0.9309680740074369,-0.3159762655658558,0.2857655384947731
-0.9489462038630814,-0.3015112539943134,0.23604236635906028
-0.9375012189643168,-0.30837593373790473,0.16400863683149666
-0.9214527053733281,-0.31492075732817365,0.10734395449733058
-0.95263631293733,-0.3141752624351667,0.02742493017536543
-0.9516313378225381,-0.30838667840208756,-0.02260167656199752
-0.9584519157130269,-0.2998256172489214,-0.09739035652330935
-0.9347992105374615,-0.31809359285372674,-0.159014588360156
-0.9123589026730957,-0.3123418395386353,-0.22603242357524556
-0.9359533683558422,-0.31614352415215463,-0.30085247677620447
-0.9006461592938785,-0.3068601666242914,-0.3499662955641976
-0.8849038745097829,-0.2971393647009457,-0.3863188603916473
-0.8283681585430409,-0.2879558189121012,-0.461038376636797
-0.817939847271772,-0.2834396347460298,-0.4900236226042073
-0.7983989820543758,-0.2516614564660242,-0.5710838101745234
-0.7266831651433179,-0.24636289062973546,-0.6124380561294729
-0.7056963780263669,-0.21788487604866263,-0.6709170679636497
-0.6662653397869689,-0.2336066009850868,-0.7268363713280845
-0.6137338734058537,-0.21987758325699583,-0.7692090612297917
-0.5680794948911508,-0.17087054634318607,-0.805898274882094
-0.5225442660978751,-0.1785347576071242,-0.8296350933493882
-0.45688682744627857,-0.15535202375856805,-0.8676687155976686
-0.4095953248408631,-0.14707508076496498,-0.9042052006919932
-0.34602316789450166,-0.11213984401923104,-0.933856967898057
-0.295868916256167,-0.09823695169461769,-0.9538315829385073
-0.2461732172454257,-0.08405937062689312,-0.9674072367801893
-0.17796834123777247,-0.04912167778110788,-0.9763189264697048
-0.1238058279794913,-0.03458110524302119,-1.0136735417489209
-0.05725003260993251,-0.014758750876267128,-0.9923967545588602
-0.020080821726367066,0.017604023160681347,-0.9958454739097681
-0.0062398226007878135,-0.011343088508401043,1.0063099940312776
-0.07203202118483093,-0.01688648292784403,1.006860689129693
-0.09602611826284814,-0.05060916713213309,0.9928268933260868
-0.1838193241374052,-0.10353921820316689,0.9784466115929445
-0.21564563160608108,-0.11505230132860689,0.9586891088358466
-0.2938465044406506,-0.11772392537546919,0.940796727764263
-0.3487643249212756,-0.1659749930083597,0.9128825136075019
-0.39228473341136666,-0.2003508105001759,0.9062090341224643
-0.4484078011098643,-0.20193505623319927,0.8679457276760556
-0.49535085464174555,-0.21950439011318484,0.8367115311890588
-0.5384720315544169,-0.2574909599706461,0.7982670501723275
-0.5601258384158919,-0.2858448066541897,0.7613193246399758
-0.6278737362964694,-0.31210881735632634,0.7167028086939321
-0.6772181351679121,-0.332077955193388,0.671904526447314
-0.7087269136078118,-0.3377673933489062,0.6334634563798557
-0.7356481083415309,-0.35948826450446403,0.5532615845381115
-0.7531486478787693,-0.3946768610676535,0.513597794543407
-0.798692217074906,-0.38659655527291115,0.4684708941436631
-0.8135823756935743,-0.39223458565230174,0.3911287447921534
-0.8448686412606421,-0.40907374916845834,0.34643745802082554
-0.8720074564720343,-0.4228144774262075,0.2931118738883272
-0.8963608268145565,-0.4204560422079101,0.22336196783428386
-0.8876096098716602,-0.4218967249464803,0.16216763948672036
-0.8981126782908614,-0.41175314428390525,0.08852628122013363
-0.9143317706532537,-0.44274018641831686,0.028262864649432597
-0.9077771245953346,-0.4380323053436583,-0.03329026172173537
-0.9020675099569206,-0.4332378410232523,-0.1029108377849541
-0.8807260713225223,-0.4252621502239203,-0.16802593914243008
-0.8774774659235971,-0.4157827793060852,-0.22499229066975615
-0.8556852308259479,-0.4151570303153919,-0.28357665677237776
-0.84336277679088,-0.410350201458682,-0.34294843027057903
-0.8290632727710818,-0.36837882171318276,-0.4054455511687605
-0.8005144345355886,-0.39609211433120634,-0.4699357454976619
-0.7683176669787534,-0.3668132105415431,-0.5304115755781192
-0.7307336567966457,-0.3517907245670644,-0.5620494629825575
-0.7182623404725712,-0.32544639757681015,-0.6217640824091638
-0.6652275680169355,-0.3213274173232039,-0.6703622290027994
-0.6386342510878195,-0.3028277283806253,-0.7373932698009278
-0.5726183684847124,-0.2751261488964724,-0.7697112574496829
-0.5584372636934631,-0.26840084290266364,-0.8212651151831414
-0.4960183664078036,-0.2243290000656784,-0.8384469660708156
-0.4509957432202799,-0.22470032164297918,-0.8650813273413673
-0.4062953715891433,-0.19327689469870712,-0.9069860528565212
-0.3425448903631158,-0.15973218444648585,-0.932494977132267
-0.2961711280555835,-0.14185277156344253,-0.9632633423031518
-0.2284751957209273,-0.12495277012276076,-0.9680193869511473
-0.18031276298580476,-0.09018160392136809,-0.9743791702040696
-0.1078561566390011,-0.05060416508442004,-0.9972877207504661
-0.06293655675974455,-0.035830404049373855,-0.9899182374020545
0.001997850644470097,0.017173671151589853,-0.9924262187978253
-0.020134098661611942,-0.0023396694485692776,0.9895813608114569
-0.05898650664223693,-0.031729973070042036,1.0128906084735592
-0.08598896525977529,-0.07676732284397997,0.9946210111692741
-0.1395898445536291,-0.10386022119315039,0.9794366926561204
-0.23284559855904643,-0.14640986893551877,0.965196827125264
-0.2496378732437147,-0.15741174318382845,0.9397633593619894
-0.3093462577069062,-0.19668582920393252,0.9298328500605247
-0.38773761649343647,-0.24336414694758068,0.9109420304945736
-0.41845860527129025,-0.28174046606799696,0.8645697972161754
-0.45399117441091413,-0.3016632556207563,0.8421665745780073
-0.5084561323007307,-0.33888284530650253,0.8105295644551344
-0.555937884409191,-0.3499216362476913,0.7773681042607912
-0.5764549511198915,-0.3895433637118106,0.7223771751344319
-0.6103567876321337,-0.40811871026678115,0.6612936806528441
-0.650000922161642,-0.4142920181449071,0.6260180951680637
-0.6934550938058198,-0.441998436269748,0.5929798915309106
-0.7165054230105983,-0.4936730157493293,0.5118472866890846
-0.7458469423080385,-0.48349502421400414,0.46420734034707306
-0.7500936174829241,-0.48837681120185467,0.40056509682555635
-0.7707821871159084,-0.5259612947611524,0.3252087415510727
-0.8355375787624165,-0.5182687929496841,0.28329646713669365
-0.8240122603245522,-0.523041057866489,0.2347641068018356
-0.8319953742992066,-0.5396682811641125,0.1706665706896406
-0.8347061626112918,-0.5423838195013907,0.0913748002957586
-0.8417238084212139,-0.5628182098298653,0.01537486740610321
-0.8039842175109206,-0.5501632107677409,-0.016100854225501844
-0.8378357301867979,-0.5471978862311742,-0.10015635077128417
-0.8086221267741789,-0.5574807651867926,-0.1586681555199852
-0.8084497018069389,-0.5231748295628411,-0.20769363787963796
-0.808410785132793,-0.5006884081816291,-0.2783190743824926
-0.7775448759419925,-0.49770207970316566,-0.34287821744650204
-0.7724651519734934,-0.5070353852606302,-0.4086914958453419
-0.7544024600985022,-0.48659445460619455,-0.4660412366802098
-0.7197430665849277,-0.47095190680640675,-0.5090923738445245
-0.6789233614150263,-0.4507717424634597,-0.5727689936941509
-0.6377462043604035,-0.42008961120240845,-0.613897383435053
-0.617144127725281,-0.38853860749308716,-0.6730672988646023
-0.5804193304041172,-0.38942055700629014,-0.7054235409563482
-0.5438044814963926,-0.35331328697605696,-0.7637627430595735
-0.5134991560715187,-0.34431532147011473,-0.8098387169591225
-0.46165446893353,-0.31221666306228074,-0.8396352273265856
-0.4174899522488551,-0.2828846331094178,-0.8700495386211259
-0.3678990094926936,-0.24442352903780323,-0.8875493978328755
-0.3312999186783532,-0.21661635689406888,-0.9231417672297024
-0.2817143428433707,-0.17611791216399034,-0.9627804630376677
-0.21357448684438438,-0.15660946477992543,-0.9728610353685611
-0.17906678306270007,-0.13087552183536233,-0.967024067585422
-0.1178473227029516,-0.07140988019675538,-0.989150002255617
-0.04337687875392922,-0.04168780584209056,-0.9873057279781405
0.006866465829889438,-0.021459966184560513,-1.0156776098894464
-0.008097154644140793,-0.02116367543598777,0.9926226713945497
-0.04473943414460154,-0.043183474384018226,0.9931347326360311
-0.08635038903648412,-0.08676220981975498,0.9877784317009833
-0.1535644178532203,-0.11914925002573708,0.9655711584245195
-0.203294263211449,-0.1736620596943284,0.9800965873841904
-0.23284567819409865,-0.21091315994394386,0.9340697210373484
-0.2764950216613364,-0.23705637179682995,0.9291225861638144
-0.35141244357727086,-0.2913634708403675,0.8879007867020363
-0.38522933536222465,-0.3111200884925906,0.8638804906627923
-0.4000418479566533,-0.3530751126338182,0.8311252652287984
-0.4504427514277964,-0.38525552966443116,0.7947446434043316
-0.49153670352310663,-0.4181317560699638,0.7541363780596476
-0.5212529379600059,-0.44846269299154046,0.7190596132974846
-0.5533823787961762,-0.4775273790355488,0.6619280946163169
-0.5892053800746112,-0.5002682629374159,0.6258918014361669
-0.6135527869564261,-0.526225345570932,0.5615930256485892
-0.651467077226548,-0.5545704567166009,0.5217416021208444
-0.6683934350696001,-0.5930753350450312,0.44540745892681044
-0.7063939813742307,-0.5890294368368539,0.4128711159413012
-0.717573067029474,-0.61173865884367,0.3454166811626472
-0.7410104381211257,-0.6168582859659246,0.2903356543330388
-0.7524366824778123,-0.6539596136043545,0.21984938436480633
-0.7466411657098015,-0.6158874848951875,0.14492302522180045
-0.7592524523359728,-0.6277176294590662,0.1029419434397929
-0.7741100785961476,-0.6577452072562909,0.025106883308121775
-0.7639060962739672,-0.6597402818591296,-0.019280768743816498
-0.741839210433305,-0.6463842069949705,-0.111534080803828
-0.7540141351999503,-0.6350230405122825,-0.1699573915083621
-0.7394078731368576,-0.637121910518554,-0.21433266666571915
-0.7171830805576314,-0.6225961993683568,-0.28061993023481074
-0.7073459688173512,-0.6047186363874032,-0.34804246010004314
-0.6998841287365979,-0.5856755420928389,-0.4118114975724192
-0.6605140615533761,-0.5704380516570157,-0.4456228925338965
-0.6602928748579394,-0.5708626210571439,-0.5053286419262866
-0.6310712428821493,-0.5113026942994225,-0.5854702024981929
-0.6101148774597409,-0.4945778319259443,-0.6311637078469686
-0.5845581844417763,-0.4815451090456605,-0.6761029174661708
-0.5250660994196684,-0.46603798825720893,-0.7211070738319529
-0.4880844206859201,-0.43220527530562713,-0.7609390742805844
-0.44865788987433497,-0.38824520648553457,-0.8020599588513417
-0.41585862598813217,-0.3490139359489876,-0.825530443571746
-0.3782536344333936,-0.3358971078640634,-0.872245072909868
-0.3479959455160762,-0.28491172447494273,-0.8800196492444982
-0.275716475095249,-0.2548302849100484,-0.9336058755247713
-0.21970205709529086,-0.20764781806377614,-0.9518279778941799
-0.19873057943801675,-0.17683026790159606,-0.960299252230031
-0.1502273135394322,-0.1254779728230487,-0.9832725285235374
-0.08657607331206628,-0.08777876787550958,-0.9934047892776323
-0.0526899882076066,-0.023907881668578324,-1.0002879445356954
-0.004027774819654633,0.004331693567405014,-1.0064825742126229
-0.005113290887390292,-0.013474130462485873,0.9849684439500055
-0.04921302604769345,-0.05339053580378368,0.9922155509459749
-0.09521378947133244,-0.11575097867458545,0.997554927054569
-0.13650004947563085,-0.12809311757622477,0.9932035109276316
-0.178023581170645,-0.18510959711926786,0.967973525800647
-0.21160348082867156,-0.22920443838067778,0.9489309545949726
-0.24703648181699805,-0.27634775940344014,0.9311696693915907
-0.27591781495504886,-0.33978165534121596,0.9013089482490427
-0.32880653737710575,-0.36212231763107605,0.8775055590337674
-0.3595316642763415,-0.3989065297074022,0.8335809705667764
-0.4160300002375861,-0.4276335895834263,0.7986149710085373
-0.42356958084238294,-0.48873616424906097,0.7482772511487928
-0.4519599255475484,-0.5270070818756493,0.7097357804538471
-0.5016076995483458,-0.5430339971639396,0.677697299143738
-0.5157947795006039,-0.5727743694820389,0.6194864285575712
-0.5371591787653506,-0.6078323794995656,0.5644381255306529
-0.5834468073352964,-0.6336973537900228,0.5333178961411857
-0.5940061018728858,-0.6605094793856946,0.4634869627863836
-0.6141908311321785,-0.6787866861966059,0.3886406466932717
-0.6493463110783936,-0.6953955147984114,0.3316893678504515
-0.638335501884131,-0.7200036071093703,0.29854830665153853
-0.6606561252918015,-0.7090403658818881,0.21409489663766254
-0.660903831704523,-0.7344312841804536,0.15628671766267657
-0.6699453921201137,-0.7529825693603573,0.0781877047271804
-0.6862159529462704,-0.7431923233239859,0.026026827294529042
-0.6725744012913641,-0.7360936012034334,-0.03579562709183377
-0.664094963388553,-0.7328534745344597,-0.08419361945032972
-0.6708113827785827,-0.7194706862254334,-0.1553653612668629
-0.662846436145187,-0.7186407807367898,-0.24032366968403876
-0.6635022572697229,-0.7194835068571618,-0.28644180207094644
-0.6241379954525506,-0.7014486650611264,-0.3414345291143606
-0.6009567033392957,-0.6851566535723276,-0.40022300343354444
-0.591295727087684,-0.6549631205002929,-0.47152924301561333
-0.5693336033077611,-0.6375507567692381,-0.5141624121805833
-0.5423230150961762,-0.624170626565949,-0.5749404474050797
-0.5202968810467288,-0.5778320577257642,-0.6171961892867547
-0.4895148957536272,-0.5413740989860415,-0.6599752087794458
-0.4651768328588377,-0.5163698298853988,-0.7163232821201028
-0.44872940395643823,-0.4643496682007002,-0.752316794271911
-0.40622958618999383,-0.4557551396829306,-0.8101660135910328
-0.3584730648408606,-0.3869519071093596,-0.8360008813168879
-0.33310311291179895,-0.35595262985999604,-0.8636028237599349
-0.297305770053829,-0.33829815025353255,-0.8986584920040659
-0.24751353692295736,-0.2714226442179669,-0.9163750116518472
-0.2081475251509387,-0.22889377926469903,-0.9471774561192504
-0.19266470299205776,-0.17960514020976073,-0.962096437141396
-0.11245654936384242,-0.13579751070413282,-0.9847023597839735
-0.076985934862904,-0.0926596397117345,-0.9904505679317226
-0.06326935094373484,-0.05339806618490072,-0.9938508732542517
-0.0037846358602944496,0.007994404022363759,-0.9852917742341617
-0.006829649684740868,-0.008270243124663193,0.989799730892469
-0.030051613239456668,-0.03647098388421639,0.9947966076511231
-0.08940044366115495,-0.11150111062129853,0.9976779314110054
-0.08992474735045673,-0.15670406921223948,0.9793976865221106
-0.1262998426573281,-0.1992016618963022,0.9770317176510877
-0.17989650226160944,-0.25875367200208854,0.9434112148552019
-0.22196151415119053,-0.31545523608312004,0.9364723477974621
-0.2519377271969556,-0.35701090599344004,0.8897518467295108
-0.2682682195687274,-0.41585314711488874,0.8707681078054715
-0.3096989134327876,-0.4371738958384885,0.8346099801800503
-0.32864206098645965,-0.5005029083162489,0.8144409211130451
-0.3769574164460796,-0.5455975873028861,0.7616088018939796
-0.3989078640295361,-0.5648810268814622,0.7191454133346851
-0.4363498014756102,-0.6127729890077721,0.6659998245498594
-0.4633401934472162,-0.6507870398737262,0.6190086930725495
-0.47101170296724126,-0.6783622847611716,0.5902280810592253
-0.4956377910297037,-0.6982717227450747,0.5299791803879854
-0.5009020720565516,-0.7273617221834816,0.4610282374195868
-0.5200595240571847,-0.75175367393861,0.4122771675709822
-0.5589205052398964,-0.7713312966816038,0.34639956702987873
-0.5716408685499533,-0.771538654703955,0.29174113773332583
-0.5682624227569225,-0.8036631303629448,0.22093219057523308
-0.5741998724404948,-0.8096602258766502,0.16598070226686973
-0.5798374518191264,-0.8071439502892467,0.11213355455387998
-0.5559266293053211,-0.8243347953025185,0.036478010706195566
-0.5733407356875895,-0.8075793002494913,-0.015656251386674702
-0.5761909295338418,-0.8277197043621672,-0.10290753528644078
-0.5496874962404046,-0.7960567886714842,-0.16877300137953716
-0.5572598397600622,-0.7707949104724576,-0.21984697805298292
-0.5426584287208559,-0.786953587165211,-0.27182053154135
-0.529806661871188,-0.7775483975000358,-0.34212765063252654
-0.5141735488660119,-0.7445246349434868,-0.4029040240114909
-0.4850873827856733,-0.7391023506818534,-0.4817432098995294
-0.4730793840075563,-0.7020228818239254,-0.5224828100278962
-0.46176478761737044,-0.6723694348143306,-0.5708952446959673
-0.4560719389708353,-0.6444101661019721,-0.6351911592469437
-0.4311756011240847,-0.6005934765317698,-0.6647863159079676
-0.4145491269058247,-0.5789121172708064,-0.714329064381326
-0.3692057589595332,-0.5248065323371921,-0.7545366614272456
-0.3504441923000817,-0.47908854227591974,-0.8157847077464172
-0.2923673319257626,-0.4493148234162377,-0.8396290295971562
-0.2953556804342961,-0.3930077697102134,-0.8807374141288649
-0.24923424222989687,-0.3668976345524525,-0.897338878259079
-0.1970426309322141,-0.29859771779191857,-0.9436975100427796
-0.1752584570780846,-0.27193528629082875,-0.9551374932185251
-0.14190099403660578,-0.21648882606251735,-0.9716669099605052
-0.10411269410367797,-0.14952725845985423,-0.9938818112856501
-0.07239966047135721,-0.11573129883389673,-0.980638264099761
-0.03898926941313975,-0.05694548909062342,-0.9879246278515145
-0.023288332500953857,0.029288999510361836,-1.0048637708180053
-0.00518570180991526,-0.00289335793875402,1.0178676677924432
-0.04031517853313227,-0.060577378420199564,1.0005499609159634
-0.07857426730806716,-0.1059670860964176,0.9974191423372644
-0.10010030962554063,-0.1581194123185429,0.9821367947524159
-0.11616228925786823,-0.2162987474478758,0.9614130208724054
-0.1446501184486212,-0.2934843467176304,0.9365223011753635
-0.1617729152819015,-0.35539899038417555,0.920298083391017
-0.20433661111563184,-0.3890155544400693,0.8875740984772568
-0.24098842721407032,-0.43916774278561954,0.8719939957126919
-0.26341627077082236,-0.47772591351267313,0.835393205273182
-0.27627144302921564,-0.5350728711202671,0.8097030825698492
-0.30087037966486346,-0.5676780093327961,0.7496688179206534
-0.32948398784938127,-0.6015087601752056,0.7126805049985901
-0.34193750122552957,-0.6459674819857826,0.6736379365094178
-0.3643456470719559,-0.6974836795933181,0.6243855954634259
-0.3735094924067952,-0.7159302147844895,0.5701188012112184
-0.40198643017817853,-0.7805711464496821,0.5231605190653027
-0.40700718810548475,-0.7824795709668446,0.47762003321047114
-0.4229197459579438,-0.8005176603279254,0.386386732579106
-0.45193822065749295,-0.8447779801577352,0.3423575166231959
-0.4254227664323185,-0.875947525278319,0.28797271904189425
-0.4451468220854407,-0.8574295853187042,0.2439052634201628
-0.4562848367568329,-0.868361539727866,0.15228698897040724
-0.45465569458012517,-0.8785753231810923,0.07769058360710399
-0.46087776382215423,-0.9029876807548117,0.026418783811398602
-0.45442912909294514,-0.8855863368763537,-0.04781100599056082
-0.4691219673944843,-0.8922894967058919,-0.09658946496351081
-0.4644269959500724,-0.8791924008811189,-0.14301019983277988
-0.4592493282523719,-0.8496629174657421,-0.23263055197360152
-0.4393150296717275,-0.836983958353528,-0.2782623457466442
-0.4282638475389882,-0.8386937685815914,-0.36362967194031615
-0.43059220694435335,-0.8231376131940176,-0.4056009361957774
-0.41361546572575975,-0.7887397289073278,-0.4721505507014053
-0.40902721305231,-0.7552360502497796,-0.5192969611964836
-0.3704087687468463,-0.7142642412423124,-0.571525930934744
-0.35301654903117835,-0.6915945493789397,-0.6182982115181038
-0.3476172709957528,-0.6526942190206624,-0.6660507601591955
-0.3147290170825839,-0.6098096971259759,-0.7217618773652199
-0.31485270273585664,-0.5708140097997703,-0.765389091468478
-0.28162293097298613,-0.5244689243010747,-0.7904936765462797
-0.2626470791919767,-0.4671743497007588,-0.8284282861574478
-0.21740591981396254,-0.43104971580152385,-0.8677021800543653
-0.19323201675652898,-0.372150696117011,-0.9105675090840696
-0.17349818826649538,-0.3601809798820371,-0.9332915951590628
-0.13908239128666644,-0.27065445771819313,-0.9267169726350466
-0.1081822950196559,-0.2234013995230668,-0.9627622133587785
-0.07878770343364638,-0.16607694063006412,-0.9796501283989941
-0.05548825842179394,-0.12911199283153885,-0.9886837112366356
-0.02607281031481891,-0.07620290249499692,-1.005164571822749
-0.0007380740853744661,0.0032924775851800063,-1.0071407987983576
0.01044618509370224,-0.0040051343424126916,0.9920939143438778
-0.021873186299888527,-0.06482894046634018,1.0051103387286926
-0.05110865682850807,-0.11347899087967037,0.9953404555767362
-0.07109252821943379,-0.1885230137633921,0.9850477927066645
-0.08461429478418003,-0.23225121682771674,0.9736740360036448
-0.1235331783125727,-0.3037100631536572,0.9538338009163561
-0.1412288450743464,-0.34190678427341936,0.9246215708061096
-0.1412483435515035,-0.41064303494619814,0.9216413554022879
-0.17110512510415365,-0.47723855094475776,0.8672309937981914
-0.200170528881401,-0.5086305169825771,0.8453861563138472
-0.21113384992990666,-0.5648649803481547,0.800071356886891
-0.24357662244775818,-0.5948862618458244,0.7561351402774233
-0.2504397134685332,-0.6604123302571312,0.6977112642717419
-0.28080078174845535,-0.6784569784804719,0.6553943447939348
-0.2465531388082662,-0.7413077475983598,0.655460691203681
-0.2903896725664424,-0.7614158997795515,0.5670601925742474
-0.2962156910683939,-0.7953824185441627,0.5263462582915613
-0.3099107606498196,-0.8227238046435831,0.46127455803407935
-0.3125261492036554,-0.8730317015833651,0.40055158053678963
-0.3342617867805091,-0.8816895937826951,0.35097472170910743
-0.3547420405761733,-0.9125504216194742,0.276128541984554
-0.33822261093854583,-0.9043854825559301,0.2258220358018382
-0.35489509080828663,-0.940418897210006,0.15906410219118455
-0.34830144574861194,-0.9255472703814579,0.10125481895442483
-0.36102175284412436,-0.9364478526780965,0.03927543024768528
-0.35032840724936193,-0.9554848665234507,-0.020850350818130636
-0.32117428811346777,-0.9216532200042203,-0.09990461329145957
-0.32802998414640006,-0.9341461580106144,-0.14647228286947672
-0.34430906902773295,-0.915739928017068,-0.2257676465965592
-0.3354146642584836,-0.8912185479798259,-0.26768165186497656
-0.33642419398764395,-0.8898510920612378,-0.3546634321805464
-0.33126148090287605,-0.8429786614132871,-0.4097858888388021
-0.2992381899744084,-0.8427058566862144,-0.4720881991602973
-0.3011555026550778,-0.8001694639738456,-0.5140871226204343
-0.2982142792033353,-0.7703912641184675,-0.5790692041686029
-0.2742562128827716,-0.7357939000516613,-0.6421726215730166
-0.2623903777002789,-0.7012392850636898,-0.6626690821473318
-0.22423600935804042,-0.6603956899399218,-0.7105071586713761
-0.24726840606292566,-0.6146059453639122,-0.754901932818918
-0.2209739522443897,-0.5406289106039583,-0.7995622909602811
-0.18122995080310184,-0.49125798864975306,-0.8352948926825516
-0.1612326435824529,-0.44951463445333467,-0.8668002213241136
-0.1552608709867191,-0.41414020653265315,-0.9019770366099424
-0.1264609441726388,-0.3554303591450686,-0.9149588085223713
-0.10327842378737262,-0.303943392611667,-0.9409661464107789
-0.09721805583051814,-0.25109160064344066,-0.9764895758642439
-0.04988124787558456,-0.16779885334997657,-0.9799904670024022
-0.04984160936540209,-0.12056761599351641,-0.9902948894936634
-0.0353978079164025,-0.07421289471542857,-0.9997199329612543
-0.0008591256058887186,0.009890468320283601,-0.9978532313789293
-0.011520389419529781,0.003904965265196992,1.007064547137668
-0.016173087970266887,-0.06985737281943628,0.9959553993296391
-0.02529083833973794,-0.11163662584338388,0.9706976541268286
-0.03667148412631096,-0.18146112158778616,0.9738768701786501
-0.059195111028700745,-0.24208314153137145,0.9705791175170789
-0.06240194181464223,-0.3105866848100173,0.9622232953262756
-0.0822289953854511,-0.3611788936636726,0.9348076581047353
-0.0974466352726417,-0.4277320406370808,0.9016673312538147
-0.09625057723482974,-0.488181021495668,0.8734899876581622
-0.11559677295408806,-0.5410692615036276,0.8385443474795695
-0.13452208527651938,-0.572838145278508,0.80224117586668
-0.14727528583370006,-0.6227741239155768,0.7485793608264373
-0.15896646016352498,-0.6741851008568142,0.7042132506849463
-0.16683444552265783,-0.7242708558296782,0.6612200801928042
-0.1758515422190756,-0.7528204935090018,0.6387693649822062
-0.18297490599827715,-0.8018832234437574,0.5712181922241713
-0.1895277293434833,-0.832882889057519,0.5123525554565788
-0.19080681047750334,-0.8574555048554541,0.4574563200544449
-0.22075421131928896,-0.8961879624327624,0.4018377239678742
-0.21649356816744894,-0.9059111058875849,0.36564754696764595
-0.21272846553714123,-0.9374667838007384,0.28083394757472113
-0.2181918564102339,-0.9456214920791317,0.21978400637807904
-0.22413055132922668,-0.9591559744243211,0.17639428884564107
-0.22610292389962586,-0.9684271010052167,0.09588309617142508
-0.22041516599249017,-0.9491099410612384,0.03543494478752467
-0.2174947319830297,-0.9563269685764816,-0.04364562401054876
-0.21655014636509082,-0.9743965434664352,-0.08918586925162945
-0.2350663403748582,-0.9786283262167434,-0.16492152498592735
-0.22912361789719293,-0.9543439903673846,-0.21664708590314452
-0.21548063222613364,-0.9400456326596952,-0.2623149157664724
-0.22639292510167885,-0.9265069712087629,-0.3471131273525883
-0.20594669499889093,-0.8932058463661416,-0.3963731772019589
-0.19738206493540086,-0.8525561830820658,-0.4489413144240634
-0.1816638638253398,-0.8461068295151689,-0.5163042124567304
-0.17548691090900526,-0.7902932642857583,-0.570325546444644
-0.17993790842324878,-0.7714748312023044,-0.6082934139060635
-0.15111826739577786,-0.7272405406112222,-0.6768419923145143
-0.1629233144311346,-0.6676911706861876,-0.7213613328161932
-0.12978624145234935,-0.6397969948855297,-0.7518737156298676
-0.12419519209147824,-0.6040323808649305,-0.7935661465536429
-0.1139725309737055,-0.5278205923836222,-0.838993930170592
-0.11383589524739703,-0.49072672520290034,-0.8667368760276198
-0.09097376715171472,-0.4192457426790128,-0.8906390730360807
-0.09043182947628527,-0.3761026739828247,-0.9419012255793809
-0.07693958490980488,-0.3112926696872651,-0.9327131008217525
-0.07143067222902305,-0.24456217924940002,-0.9552110308396872
-0.04289484139692702,-0.17822842262273247,-0.9782811191991208
-0.01760630751971245,-0.12432011209918592,-0.97534095833441
-0.010270416653128275,-0.06957173558322655,-0.9972325208595433
0.00020973260069224526,0.005170099499183559,-1.0017156083046157
0.003646961595579233,-0.0025313470537450737,0.9941228484743685
0.012659298298504923,-0.04487875025670815,0.9908213507140665
-0.0003489594260172122,-0.12122282098542238,1.0005057333530623
-0.028918323855167728,-0.19519817978720996,0.971491643961182
-0.031222512181272026,-0.2428459375554001,0.946608966606933
-0.038073613570752965,-0.32594389527804896,0.9382697090020942
-0.054675246523823565,-0.3574826854085954,0.9114149464002914
-0.04528789375418868,-0.4243802374998916,0.9064541512545357
-0.028503680084992385,-0.4814325488876002,0.8724490524461708
-0.03623356006294744,-0.5284771173577707,0.8176475661107326
-0.038550709442537745,-0.6033393400328758,0.819294908019144
-0.04276662918827241,-0.643868880462996,0.7767156634526096
-0.055039604061334874,-0.6917967575184122,0.7181880651225034
-0.08402308099072364,-0.732295123807927,0.6728702024426366
-0.07037377594907969,-0.7625521817216541,0.6361206138906946
-0.09185883693725963,-0.8268377145730845,0.573687919509678
-0.08137742526999692,-0.8757963026990941,0.5191568019086465
-0.07749295642333534,-0.8578337212796094,0.4630862802249239
-0.08193186069418741,-0.9199885617020915,0.4223386805926728
-0.09673120092426533,-0.9263654416233674,0.34237077759357615
-0.08241021237508486,-0.9621075033261607,0.28818828724494355
-0.11241084044772379,-0.9648177146911427,0.2119829448566417
-0.08865696582371956,-0.9747648818966806,0.1670574903384126
-0.104472412349473,-0.979128889731078,0.09277442326560256
-0.09341284661068858,-1.013523039551218,0.03682641318966805
-0.09574746729431945,-0.9913228107752869,-0.041017170211309316
-0.09141278480511836,-0.9789852972483486,-0.11352634877544596
-0.09285348623615855,-0.9749622365742978,-0.17846262294935336
-0.10393491872897935,-0.9554382309220303,-0.23228212602824447
-0.08446493722565307,-0.9557405703316286,-0.2730762215157452
-0.08617818046970879,-0.9263593247020844,-0.3479764580914005
-0.09522349743128075,-0.9057118300628958,-0.39573074947439135
-0.08095800891804314,-0.9071501691509488,-0.47844910119616685
-0.08073485043729821,-0.8792414225759024,-0.5171836796464414
-0.07754853008187848,-0.8061402456005737,-0.5714352297103907
-0.060462986893230625,-0.7844196177301784,-0.6232145503802105
-0.06502827713252465,-0.7389610891954606,-0.6639748139821677
-0.04078627460241481,-0.6910112236041523,-0.7009778978173236
-0.05491758615096151,-0.6511861466848667,-0.7550869064172776
-0.06997506738823801,-0.581109723674484,-0.7953320398685361
-0.04983962625871212,-0.5483340790299238,-0.8316800674361363
-0.05795100419362689,-0.486868452445817,-0.8562229867087043
-0.06926599014697465,-0.4273596636819978,-0.8852084616138822
-0.0365403308807525,-0.355097388082869,-0.9481974424630386
-0.034046769184131936,-0.33007862292941337,-0.95993559506955
-0.026536246744875175,-0.22409095512407753,-0.9662852226481098
-0.015434776684360118,-0.19919365170919368,-0.9862253155363853
-0.004884593620734057,-0.11262885481982587,-0.9818553558538602
-0.0036229113397254838,-0.0606385806838701,-1.0077635936047673
0.0252495122517072,0.001264907597389752,-0.9918362513267471
-0.01248085185428356,-0.005232882039172183,1.0160256474293226
0.0016784750426024004,-0.06195747545791764,0.9970706181055703
-0.001700010350562011,-0.1220448987319636,0.9964425690064274
-0.015281067504673635,-0.19603549998909822,0.9842370565843062
0.011330120656040422,-0.2584882007905218,0.9630327628478467
0.03071329983544511,-0.3121963410585757,0.9415159055653298
0.015649526169052897,-0.3841942257209101,0.9237323391693065
0.00898173412851115,-0.4372400786561306,0.9007175752059718
0.011593323490133634,-0.495323954026512,0.8662038149886253
0.0032993459578895424,-0.5416275126889488,0.8409324292639061
0.01956972893638287,-0.5975318205680982,0.7859046703353906
0.010814610701099793,-0.6663329079193143,0.7701568890024082
0.017703771739142546,-0.7013015085486771,0.7138491733156166
0.04015532691576915,-0.7316095405204607,0.6739712572994618
0.02758022087127597,-0.7701229462617295,0.6185578789972137
0.02566959685282176,-0.8201135567284406,0.5689456355312029
0.009151326472222665,-0.8710708363119588,0.510910318030988
0.005591472374277588,-0.8805823292259778,0.4924937750530693
0.016400048743706472,-0.9205569409556302,0.39001415206247025
0.040432638597970846,-0.9338064187100354,0.3347033032424203
0.03735647553787558,-0.9623433718709473,0.2756719819479677
0.04944718325860188,-0.9870387222972565,0.21857046467396893
0.04252095616513975,-0.9761759576500367,0.16247039675489516
0.02567923715170837,-0.9871696809697372,0.09267925960848696
0.025992617415303267,-0.9945895231836851,0.034933240216611816
0.019267206783245082,-1.0079722251759398,-0.01922276342681522
0.02191473736290566,-0.9918237527939465,-0.10711855446308544
0.011694291680916898,-0.9784341661156047,-0.15677609207450877
0.03078274123484315,-0.9607792092548214,-0.22191722719984713
0.03601458786014955,-0.9675166552798217,-0.2772947783260395
0.0409276648561484,-0.940848929054354,-0.3433867577130958
0.01885652474706783,-0.9117497144602973,-0.3999988579520167
0.038681915153094146,-0.8906514841099226,-0.4606788272276281
0.037047935976115755,-0.8683414493152021,-0.5249568401724167
0.01592084430399278,-0.8143196320812847,-0.5660374070877392
0.018424502912925415,-0.7746986042391596,-0.6416671082853351
0.03170991645640057,-0.7464026337758529,-0.6544629769595512
0.021052774759406017,-0.6893794938150737,-0.7322059401124213
0.012576256567246254,-0.65483190116343,-0.7547082667151558
0.025846782830406523,-0.5945908547562325,-0.797750706799972
0.01065633497794901,-0.5472514043260227,-0.824747537162691
0.018691528894762676,-0.47406269693060654,-0.8558796307454478
0.0161739744138975,-0.4235067845408335,-0.9063827798727664
0.017206297339618704,-0.37503509664180296,-0.9280145919387255
0.018044609060904885,-0.32518771098879273,-0.9475021299031453
0.007629767750571096,-0.24481778663742493,-0.9737822501338886
-0.012191927344635901,-0.20664293433943964,-0.97438653524485
0.020493222982432297,-0.1303040884389712,-1.0015287683568028
-0.013475079437855387,-0.051527843148963984,-0.9899017567927129
0.006984049054143121,-0.011743367368715077,-0.9907777203778376
-0.007355258884216398,-0.01913823094616372,0.9995147128190066
0.02793997041498774,-0.08740041729916508,0.9988930172630236
0.00686529632457898,-0.13483608083375245,1.00645383349426
0.03794191118891832,-0.1935579520947422,0.9884600852003299
0.03592978982690822,-0.2445694456181106,0.9765959814550874
0.048579725228155096,-0.3068862803673469,0.9579325018757909
0.06985374795612871,-0.36704809424014256,0.9219360342704527
0.08112909321847946,-0.4176375678901318,0.8946985755414966
0.0705084489032804,-0.4747489592193134,0.8724207344291924
0.08510893043245202,-0.5378863609753449,0.8045580960487208
0.08323815347364252,-0.6056562059152875,0.8042412872317276
0.11040089646630057,-0.6183185956100585,0.7601499280047626
0.10308059016055487,-0.6872463564599411,0.7366233856210278
0.12249365084802584,-0.7360218186840211,0.664948762387194
0.10624143857906111,-0.763251825066595,0.6120643196953388
0.12143104399998275,-0.8097641335385815,0.588528383326618
0.13309984799940214,-0.8463555732308389,0.5067045299402868
0.15154602716790594,-0.8877711485120457,0.4709588779746667
0.15259054475690073,-0.9234754953144414,0.4179145589470661
0.1721156746883074,-0.8990392106466079,0.34489513937407845
0.14721856716640166,-0.9555552091913365,0.2972114179822231
0.1499448106572674,-0.9721982416481845,0.2128728955290133
0.15704591466011056,-0.9671673135854534,0.17062446531833597
0.16276384907818414,-0.9927007660642903,0.08940658726963291
0.1638699934105588,-0.9908688132232023,0.03540712973513527
0.1713234626450673,-0.9891216854717487,-0.029046556024661507
0.1703730978996914,-0.9754570970522126,-0.11247099083617623
0.15114053188053492,-0.9768112319695647,-0.15487212156997238
0.14258480620240713,-0.9646474963332143,-0.2227993748189764
0.14105031121796321,-0.9531048925351845,-0.25367875306292637
0.1309681901787636,-0.9293398946001904,-0.3390848746628071
0.14742899723752667,-0.8950537894176164,-0.41583995647901456
0.12649482722029948,-0.8659141955838945,-0.44809511508064837
0.1452165720980669,-0.8400217835512394,-0.5182253426158657
0.1342732047300911,-0.8099545564776568,-0.5673656043690577
0.1299894082867373,-0.7774122869522303,-0.6180341927700679
0.1265208209092539,-0.7189784045182159,-0.6428143839183591
0.10570048052225277,-0.6799207645551051,-0.738446470801079
0.08592283704529395,-0.6488399944057288,-0.7598909937164331
0.08438148583585148,-0.594443678043562,-0.8129074027591542
0.07293331314111395,-0.553629065766268,-0.8275164010445538
0.08903892157914586,-0.48872102502777004,-0.8757456096683797
0.0741087128917664,-0.42169483700840305,-0.8970717221221041
0.06733147325304258,-0.37747305824452415,-0.9200503175793648
0.04187964636624707,-0.31509318900749034,-0.9534637501803765
0.04373686360915979,-0.23990140382828024,-0.9647298193837328
0.04460193857338135,-0.2133746363424271,-0.9924415228453147
0.01805737646843334,-0.11298942547490055,-0.9845714922048853
0.009291879237155907,-0.06703282306952799,-0.9956906628671703
-0.0039674416598393086,0.0003232100858755573,-1.007923647203694
0.02073820051781577,-0.009643152952999777,0.9999916401982331
0.0003443205697594362,-0.07186618324980854,0.9995985928925346
0.04752773047107212,-0.1327189633180964,0.9944055082667307
0.054358996051108686,-0.18483300697614513,0.965364439928404
0.09441184221162727,-0.23921739079978774,0.9713173450311503
0.0956768385932821,-0.2961534771672331,0.9389411004551443
0.11227060962938681,-0.36414268828278973,0.9065489769870477
0.12877897223677168,-0.4268645176565992,0.9106013264720796
0.13202999331505635,-0.4637750539295847,0.879152305983564
0.15106301658188653,-0.5282773242639497,0.8525351850600765
0.17910164514854748,-0.577964369574646,0.7998811397946783
0.19815569061636823,-0.6150425519283038,0.7713036094465819
0.20651677794012357,-0.6644882390504083,0.7204286674682582
0.21251208961661835,-0.7149869843129556,0.658082424763276
0.223054040229676,-0.7583482824787189,0.6255577612751415
0.2270342816981831,-0.7760928480345775,0.5764974910674404
0.24010642354942144,-0.8122702987716364,0.52885658146103
0.24447758641424389,-0.8566788463169254,0.4457133803327814
0.25557883420184874,-0.8896690167450844,0.3785667614679069
0.2626157662094453,-0.9107613117445064,0.35497154690066746
0.2756646659162434,-0.92760814964339,0.28925426756921335
0.2937259934629341,-0.9539132322078887,0.21749056071465378
0.2914163909476481,-0.9420131204064498,0.15326458826198458
0.289622965812965,-0.9692472161389519,0.09268184561386132
0.28214167327349676,-0.9626053267056041,0.028593015784489962
0.27801791557828925,-0.951215422277679,-0.03615779785418621
0.27494480732606535,-0.9658400311310723,-0.10371881515829152
0.2747816020601298,-0.9473009311589763,-0.16007046974399927
0.28024024252315666,-0.9344001527586195,-0.23191515414796593
0.2806427649787487,-0.9114915970829732,-0.2682290295090252
0.2692500947204224,-0.9032961393279005,-0.3210309859841801
0.25076574579427346,-0.8731884226289759,-0.3971720109023206
0.2533408798907398,-0.8460493140156935,-0.46697595708061845
0.2344041870347817,-0.8241881443695388,-0.5224976087516549
0.23269542862526862,-0.7944870219943609,-0.579005212177073
0.22679101704861737,-0.7473701767190549,-0.62022106788298
0.22153736052161632,-0.7219760103289268,-0.6718510337682394
0.19870252832497065,-0.6742156212937128,-0.7284402682109437
0.18753414227711077,-0.6213663366806335,-0.7590142342876106
0.16955852822375428,-0.5825905532324482,-0.7884356208113321
0.16947098450178438,-0.5240481435915259,-0.837117824595158
0.13525095223524397,-0.47030954601280717,-0.8571870590950033
0.1258817853020942,-0.4168811147594704,-0.9032753310618352
0.11000162861454763,-0.3749118282275838,-0.923935721568488
0.09782826439424762,-0.31043628881801494,-0.9461174949635789
0.05759281456787952,-0.25299592831400325,-0.9583025088072683
0.05380681069070475,-0.19882407922561968,-0.9819003148352358
0.02840188336099396,-0.12971079788990195,-0.9863796968151956
0.0009582651369739355,-0.062232876056404575,-0.9991903295834561
-0.010724862721192835,0.0023869885794909544,-1.0026792595981078
-0.004373984359108907,-0.019789331670138938,0.9958934322808931
0.012427168851786994,-0.06351707914739414,1.003585627598102
0.052029813306885365,-0.11886989678528434,0.9876648001373473
0.0734940447952243,-0.18899215214062992,0.9859695746762864
0.10448878991718123,-0.24410313976984624,0.9659251237352923
0.1370358988506723,-0.28228514066991706,0.9488364534938721
0.14807625055793905,-0.3472784636917186,0.923435229216504
0.18633084677057282,-0.38639767422753807,0.9107970437876186
0.18747686598856234,-0.4319869241697853,0.8766976712018744
0.2239131636978721,-0.4981253476284458,0.8195752444662686
0.25613887759529874,-0.5552133913603107,0.8116255833405199
0.2726468085972846,-0.5785708581699188,0.7490399384412798
0.28890558480414175,-0.6346419616224545,0.7196175904018083
0.30572858273449954,-0.6881620801190486,0.6574769509148709
0.31068725498551636,-0.7098585221516386,0.6071180869660661
0.3325775317724196,-0.7521528877781156,0.5655089403831337
0.33260703078281545,-0.788632000142906,0.5199578897375704
0.36058945007622,-0.8098209061821422,0.4498733546358857
0.3694341106373684,-0.8459800759812395,0.4035536663611189
0.38269883126670207,-0.8691265599844413,0.3627078658680456
0.391167633516851,-0.8850928360188296,0.27859861498776217
0.407747667744615,-0.8940035022910034,0.22600991282062538
0.4076206732883534,-0.9136762750103204,0.15167980828612979
0.4008473729854594,-0.9063912475837164,0.09072661690187332
0.4009812820712007,-0.9135500660447077,0.029818164778846752
0.40839300551614044,-0.9021053445009826,-0.023085213180571374
0.38407319396032996,-0.919471263919157,-0.09972477854378695
0.3934633299226815,-0.9140665390131582,-0.16507540378131158
0.39741731277881753,-0.900761972259838,-0.23347509485211393
0.3858342506929321,-0.8843772853521117,-0.2801903752678558
0.36309287153701614,-0.8725850655676076,-0.36916863870463884
0.35804865667939717,-0.8318636647925682,-0.38760594160537076
0.36398584318766913,-0.8104263395185353,-0.4648946060302332
0.33730922892833426,-0.7746681794870364,-0.5117377575844689
0.3246591990875663,-0.7609733276661148,-0.5787363355508682
0.32287159598377535,-0.7367855669118892,-0.6352962193529001
0.3012595033118933,-0.675203031764398,-0.6768000863507985
0.28645410757000694,-0.6438699405903523,-0.7204805652484962
0.2679701213399891,-0.5921151607200262,-0.7648245895270946
0.25524780752132953,-0.557641965805225,-0.810008085065417
0.200783999381423,-0.49263871789232727,-0.8345894846185525
0.19077524582850758,-0.4536070812399569,-0.8896139589905417
0.1878468730447572,-0.3740625471381102,-0.8850396511818795
0.15498193938465232,-0.3392398951431298,-0.9082482719747896
0.13316438472685516,-0.28336226620624194,-0.9532201092562929
0.09472095120459778,-0.2231159336271606,-0.9655265657854761
0.08912981536470828,-0.18447301857776338,-0.9939921066455298
0.045226287372517424,-0.11986836785531643,-0.9903625703631227
0.03363401806594838,-0.045065305446357624,-0.9920552227885568
0.011632826332309169,0.008526920677422823,-1.0021866998151086
0.0023552292915061893,-0.009079906426900444,0.9788181057706721
0.03583037190772631,-0.06164453844062929,0.9949030963850332
0.04933288254216796,-0.12043157601733509,1.0009338558560539
0.09886339474408656,-0.16927201416966212,0.975856062689661
0.14461739299219703,-0.21700641599715143,0.9790961157771233
0.17397951422268154,-0.24619281058513717,0.9422477314709471
0.1845080411943158,-0.3075408690756622,0.9198796654681672
0.2150988620337019,-0.35955236214668074,0.8979824883794852
0.2561409378335855,-0.4192669194398899,0.8625723663352971
0.28263230377741316,-0.4605205028839639,0.8335497884546207
0.3065904602064546,-0.5180361652707811,0.8043720172119706
0.34504745350024085,-0.5418555885930117,0.7791094341029768
0.36187939442907546,-0.584995624778826,0.7177568327022491
0.3906135583897553,-0.6344153284299391,0.6572377419521462
0.3912406942607857,-0.6843730653748598,0.6380925343484206
0.4285507351436581,-0.707349157293337,0.5626050202033843
0.43884942762915347,-0.7239470068699315,0.5129729870979641
0.47142090195301684,-0.7476627656196122,0.45964923056397067
0.45800851312845015,-0.7924673377451328,0.40584122903783304
0.4877620471253836,-0.807740620207736,0.3361102799120319
0.4925511131594224,-0.8263851326319761,0.2867368835368667
0.5031483949160528,-0.8302213418475617,0.21935268518761322
0.5055671990169939,-0.8566273394849896,0.1587725318136383
0.5015869207412202,-0.8484542440748545,0.11182989873300528
0.5098601136072357,-0.860092386419385,0.04384415029160332
0.5147196488901633,-0.8653378948743571,-0.0352353368559346
0.5163564581451286,-0.838629548207213,-0.11012767380320145
0.507241755943717,-0.8342682796949448,-0.1579574178759587
0.5063283334356519,-0.8298165027321112,-0.24157896564389741
0.5057444474057317,-0.8251592253723952,-0.2681286049320295
0.4940463771093542,-0.8092631571414343,-0.345513116736605
0.4744336551443515,-0.7840971894308549,-0.4159612496259622
0.4685064132799011,-0.7615041980736873,-0.46678378247053454
0.4514048380964086,-0.73484701299715,-0.5257028002874263
0.41723330359295674,-0.7037047436803269,-0.5922056621529344
0.41393038576912544,-0.6683807523885077,-0.6251455316422971
0.40381272484111175,-0.632134728999206,-0.6753192078267423
0.3405654484350274,-0.6034883942583635,-0.718310524432297
0.32297388605863914,-0.5447138285778342,-0.7677063415172145
0.3327348064952316,-0.517401396191498,-0.7950712123100244
0.28498631907222016,-0.46610796502562524,-0.8401832279615793
0.25167501293195527,-0.4046379520344315,-0.8603251763055406
0.20857183710898047,-0.38131428327319117,-0.9014875784152221
0.1948670022253904,-0.31549477978932366,-0.9212661072938219
0.16399235248075736,-0.26898709741800864,-0.926528037148389
0.12399307143636172,-0.2134274639113629,-0.9454307834602032
0.11379867248211681,-0.15781499534969287,-0.972355201624897
0.047556083909295374,-0.10573470301817305,-0.9811969706522773
0.013011858626514123,-0.0433821003223894,-1.016690960521335
-0.015395181168003036,0.0005319818580430803,-0.9985361553996513
-0.0028613610778171973,-0.005403703755189623,1.0182011028617737
0.044992080014321575,-0.027966694158741184,0.9963337298885252
0.09317297569727198,-0.0955705123134624,1.0044627873440866
0.1090369834985784,-0.16609392114176222,0.9870665381939298
0.1618830679302301,-0.20106927267936153,0.971175405020066
0.18945820662351665,-0.24845713134829522,0.9545035127703076
0.24525265631804677,-0.2730035997620764,0.9224709794662588
0.28732386687809686,-0.33816289533714183,0.898853046277926
0.29976616184847193,-0.39678214857745253,0.8694183507960627
0.3552021876546706,-0.4158002020718581,0.8598979853871588
0.3710122873950963,-0.45691786156820585,0.7928209596563438
0.3911660113634484,-0.504248949679207,0.749526894232075
0.42189753919508893,-0.5454547070237664,0.7139176863164461
0.46984756815217615,-0.5779391607487794,0.6664467405807061
0.5022910667857986,-0.6135363271256108,0.6197023922176924
0.5019659666597973,-0.632893464137494,0.5749532385469217
0.5382553063088927,-0.6635081301299743,0.5196971366248935
0.5479128194839916,-0.6890941454881665,0.47237764091409445
0.5655613952459861,-0.7050975767655042,0.4042894621302513
0.5919677155550542,-0.7295647741277904,0.35318299768090955
0.5758366771744421,-0.7660804273247196,0.28974637066754494
0.6244574692152077,-0.7635035746047212,0.22335669813798473
0.6126568778546931,-0.7692009391402939,0.1444405495585346
0.609476381787744,-0.7678213812378688,0.0964888256165213
0.6261696131888761,-0.8017321250464086,0.04098666267794902
0.6297790592637579,-0.7767664997635407,-0.03572216395164275
0.635613167997126,-0.7838952573988618,-0.07712680077862993
0.6243534812293489,-0.7667660402820322,-0.1518125379035216
0.6088359790282233,-0.7646987605814823,-0.21412248134039166
0.6147921750459555,-0.751194862674912,-0.29657519895179
0.5814914055778515,-0.7309648424321156,-0.34786340511823455
0.5859907138083523,-0.7300554387177087,-0.39664728100253005
0.5498784315033676,-0.7020800432911635,-0.46603063676450956
0.534033694511285,-0.6730287769362623,-0.5093810955631725
0.5120327876628886,-0.6299599149541565,-0.5610958096854357
0.49522483534601447,-0.6139310889628972,-0.6247077901719615
0.4512251723042897,-0.5840899255509592,-0.6841632177224333
0.43344249575811494,-0.5323339730255153,-0.7134436777371869
0.3999845539397976,-0.4995270537708376,-0.765083267848278
0.3636505330801438,-0.4523363342111083,-0.8057293710894493
0.3268937565319596,-0.426556090103549,-0.8361495474414221
0.3039653092884404,-0.39520771034487767,-0.8777990021825124
0.2695597469026569,-0.3421683748451357,-0.893918626985846
0.23957201465844685,-0.28464326390571615,-0.923501960906496
0.21388794839738634,-0.2454326693655031,-0.9375134249545426
0.15517917398927888,-0.20541860216159277,-0.9684466105652743
0.12306219935802691,-0.1495582253729188,-0.9859497515486193
0.09323901473143396,-0.08357746718333747,-0.9918330538827435
0.03515334745453739,-0.050470956977831945,-1.009456158524756
0.0013373837590362695,-0.01046638973059677,-1.0118379010649141
0.00010386237343850778,-0.006247930093574998,1.002965825663607
0.04773217095705775,-0.049938040677545384,1.014131948144881
0.09078334513197596,-0.0916400091988255,0.987150870874151
0.13780695122135478,-0.11559171173920216,0.9878616135237599
0.1918095296268327,-0.19467636493279317,0.9807339857510515
0.2281517071566639,-0.2202275264445175,0.9396301773814011
0.2538558314001661,-0.26579259041098086,0.9324194289320598
0.3138887180247039,-0.3083920718119061,0.9234067178936622
0.3567411587761756,-0.3518895125863203,0.8532518885363534
0.4076534899492873,-0.38718656358181486,0.8471056244210852
0.43613702209833166,-0.42784430441622534,0.7951965274219248
0.4664798465514309,-0.46563940318748237,0.7636293321975833
0.5041384999620814,-0.4864751488614737,0.713168814423688
0.5374746874282187,-0.5205756960912685,0.672832927068585
0.5650905265427334,-0.5453864510870726,0.6127837649334107
0.5802704385795002,-0.5765277099490131,0.5617183030428826
0.619145381782863,-0.6147201731138461,0.5258543856790894
0.6309245631886562,-0.629684203223793,0.44740353734532
0.6679309290164595,-0.6401067238286112,0.40978618349958784
0.6682366136392355,-0.6364399288526247,0.3578072308503274
0.6809213315159236,-0.6714579174633792,0.28706070093950037
0.6952443820211732,-0.6778036145232562,0.229380745910383
0.7142076669926314,-0.6873625491154934,0.1660993886500642
0.713259079936319,-0.694636298938913,0.10075931202013397
0.7099227086483556,-0.6998189017350004,0.0264817877975499
0.7117440983123581,-0.7130253875105318,-0.033078655646033094
0.7121172449245454,-0.6917169161979452,-0.09961665971412806
0.7071861607791706,-0.7026798880481102,-0.17093279210867648
0.6964689684676223,-0.6846493381535735,-0.19882153716622575
0.7015164551701474,-0.6938805466066525,-0.2850930389172116
0.6808494725414344,-0.6598205252431257,-0.3373350519540858
0.6595152801886407,-0.6339854339696152,-0.40918286448829855
0.6450029284079813,-0.6069868891848359,-0.4706431771660102
0.605830042109907,-0.6030791546190147,-0.5349533441123723
0.5942289192692473,-0.5630302196290207,-0.5563315262903502
0.5515065644138807,-0.5602414163466302,-0.6245257022096039
0.5300289349540311,-0.522491326904876,-0.664621477754295
0.4947026444418262,-0.4987451342361617,-0.7193516059049293
0.4789260384360866,-0.4830532075015336,-0.7485093187110857
0.4276635371522721,-0.42275725092299166,-0.8002052632835692
0.39637113923083195,-0.3792286467745704,-0.824059677912049
0.3392359503741045,-0.3488378752918531,-0.8727277090920974
0.3211490579205808,-0.31211935205001057,-0.9058354918643508
0.2734812883820049,-0.2614362029347797,-0.943256391079432
0.2217052996812445,-0.21017826062668513,-0.9593721461425245
0.18037068382042212,-0.1809697782760583,-0.9792452216678303
0.1143242619995386,-0.14578780688043552,-0.9795163287443013
0.07963307760081982,-0.08760633194097622,-0.9889350024097505
0.05487233678925282,-0.0572639944640183,-1.003871106608356
-0.008042491458511556,-0.0037638664598973557,-1.0138220022356093
0.004307134848543096,-0.005228176102247306,1.0089166922021244
0.05711771902463389,-0.033026488722104265,1.0018310222896392
0.10272564186095205,-0.05685839673650467,1.0042331875081174
0.1630368468341984,-0.12188664172161906,0.9951492476892398
0.2110047172200667,-0.14850211973761873,0.9668819508732265
0.23856853561238467,-0.19708840114938048,0.9452961730160447
0.28821171102296866,-0.2183589715715226,0.9263086379911062
0.36033429368254594,-0.24738585026186102,0.9061156178723282
0.39587850825318666,-0.2836127470210632,0.878526959951717
0.4482004771742881,-0.3313021405576325,0.8578229593450827
0.4823519429485277,-0.35039738340377274,0.7914035095628563
0.5165320422246492,-0.374348018880434,0.7643868189138624
0.5375580187595174,-0.43630794818085555,0.7286072956248618
0.5926413691734923,-0.4505459299724348,0.6811682807448394
0.6216414387832373,-0.4540776851523684,0.6212015093557463
0.6420593461973743,-0.4931947776490355,0.5853972556615571
0.6909484291746207,-0.5131396165691473,0.504321642291602
0.7056482429484804,-0.526813156162613,0.4585488729085895
0.7387529407365688,-0.5540552437802924,0.3983421747816768
0.7520841515205077,-0.5601216952911255,0.35146563063894987
0.7687764800359016,-0.5828831391560156,0.2875415973825943
0.7884809181293502,-0.582079647037628,0.22440210913525288
0.7663871630312311,-0.5848514048654468,0.1543171413472627
0.7925167131711908,-0.6166048714649949,0.11185272666948581
0.8174403292281198,-0.5973382861137481,0.020475364967786944
0.8010185087521413,-0.5941488440791964,-0.03954429593864855
0.8005019673923827,-0.5936968924572148,-0.09752190095307632
0.7787334738648436,-0.5982624497389287,-0.1698448990693738
0.7793079110380756,-0.5583265169136296,-0.21702019714569573
0.7774431280031603,-0.568842234787684,-0.2943856028871622
0.7246524987466494,-0.5588973484544094,-0.3630253975684506
0.7220697702580172,-0.537962994583315,-0.3931817287398787
0.7213001810503242,-0.5106546473755244,-0.44611926131075874
0.6879335996495795,-0.49378233871033594,-0.5258573578683824
0.6719309321846441,-0.49412207552290816,-0.5682711274080122
0.6216643525673745,-0.46654224070843653,-0.6170788031328003
0.6033109407936516,-0.4384033974232275,-0.6762083445206319
0.5580866627236858,-0.42291059096267597,-0.738166581045251
0.5099634564301602,-0.3868830095268601,-0.7650705933721011
0.474990604162917,-0.34943391178350053,-0.7844986564382344
0.43044118826627314,-0.3346925156882691,-0.8318732079418856
0.39988454642497295,-0.2762329533562489,-0.8746948490576217
0.34105823449904266,-0.2586343451865124,-0.8972521813250082
0.308111694023438,-0.21903600426705122,-0.9380653474562987
0.24411801474213554,-0.18525828035004724,-0.9560488601083157
0.19039082730913282,-0.16744272071520397,-0.966904826542289
0.14044770998070566,-0.12991712264882752,-0.9767675381246251
0.09359019202017436,-0.07514708847624733,-1.0048288698629126
0.07105384865616275,-0.05096551660308363,-1.0003821812148268
0.006041947468654942,-0.0030940235026526985,-0.9958124011158016
0.006044386769862717,-0.00404030806882454,0.9905156611932764
0.06538536461466606,-0.031418268340067,0.9952674879300372
0.11183604458474726,-0.04906921176207229,1.0016911933759276
0.18051851981074313,-0.10221261910498579,0.9855409724550357
0.22815426374402772,-0.1347279121503754,0.9764153478544614
0.263758241145525,-0.1510110042173703,0.9525229664986145
0.3211685356448137,-0.17937970512236698,0.9238029872832738
0.38078884085310055,-0.20416791610306212,0.9086047751394334
0.42326534164760543,-0.23867146112001542,0.8707048879037997
0.4940038607959364,-0.28831688664585076,0.8384401600591075
0.5227526924663086,-0.2929010897702962,0.8026308288137889
0.5647732723336242,-0.31266126440710224,0.7463461328228195
0.6012184152658411,-0.3416437991123004,0.7162242214649007
0.6491196321568187,-0.36068041635276243,0.7033394367141667
0.6760807459710372,-0.3487980993202411,0.6271740592763908
0.7280283838433523,-0.403218075751963,0.5658603164958186
0.73676631403996,-0.42311092478088314,0.5338406583218596
0.778751289651304,-0.43540266794013927,0.4524716470188572
0.790491568733892,-0.4297834493966914,0.404821168521166
0.818236387296996,-0.46479700922090855,0.33099153011016796
0.863290876958673,-0.4774968435821329,0.2788341889021447
0.855886450183193,-0.4665827464331386,0.23196508404008953
0.8526659604324885,-0.4751882383378411,0.17014676219796124
0.8603254472772155,-0.4994955780454404,0.10749099429753288
0.8704314396076643,-0.50286617946066,0.021526683816732842
0.8771642601709265,-0.5007872824164067,-0.04474885240520323
0.8699879813604575,-0.5021079798559182,-0.11580350738235826
0.8692185209194423,-0.48612150458226255,-0.17299962967419055
0.8400352202115291,-0.4967613987588072,-0.23357505802695397
0.8361919887355563,-0.4563423006221194,-0.2932399245451118
0.8216298155784592,-0.45007409501718487,-0.3515862554961992
0.7967112245255259,-0.46655912644162384,-0.4042159117233629
0.780709271848578,-0.45023979641427236,-0.43465409300276026
0.7502029553685271,-0.41345951375687606,-0.5184314147776465
0.7227353140360816,-0.39753638952891907,-0.5754157283017876
0.6817234900337357,-0.38295212751879276,-0.6232327902543078
0.6420181465156275,-0.36357006792254937,-0.6678118959485384
0.6144084971828963,-0.34592499638960345,-0.7195414772217053
0.5546257813213181,-0.3164564236320206,-0.750919356840388
0.5235242711168404,-0.29873382271863963,-0.7831950879216402
0.4671824019264771,-0.25859211007872246,-0.8394923892989866
0.4262977219508611,-0.2260167044465322,-0.8732482517972276
0.3748728536623691,-0.20995363103506473,-0.89062968930505
0.33150473582043377,-0.16847735789377952,-0.9128586705742483
0.27204403688700884,-0.15348518266684955,-0.9520193320446197
0.23715463043935547,-0.12082009061169294,-0.962970216661002
0.17601403428108078,-0.09745887032071172,-0.9853411715464552
0.11454790859761908,-0.06615612949243209,-0.9797854725170605
0.05676236472485735,-0.028505729772071244,-0.9992211137584965
0.0007146563373693696,-0.009365441581389152,-1.0136931952375534
0.007683077390917701,0.010250161758394372,1.021011025885165
0.08302708283755855,-0.030810854552058096,0.9971911091256366
0.11350134385234686,-0.04339335138311107,0.9978642683879823
0.16694121518855531,-0.053440964279366114,0.9845282018574117
0.2308089481215902,-0.09010477300314575,0.9616107870561874
0.2972266541318424,-0.11292039461630538,0.9411569572351155
0.34699894000140374,-0.12100155121202066,0.9235089173995316
0.41823374614561176,-0.1590492341952025,0.9080155732834398
0.47232108983575716,-0.18499677873938739,0.8622772655532911
0.5150485704993636,-0.20240436242956866,0.8503783878648443
0.5324911774182722,-0.2188002481440313,0.7999521329245962
0.6146464492257971,-0.240848337548161,0.7691809214101857
0.6307861730275562,-0.2602800942483134,0.7195178913008857
0.6763392779658689,-0.27981067128465426,0.6673777112906697
0.7337549544237442,-0.298138975522914,0.6249643752403671
0.7671133888555545,-0.3047433506446383,0.5682093648895472
0.8128786525092552,-0.3225924493288411,0.5212122920040058
0.8279741686604416,-0.3366178143816544,0.4689180207318798
0.8285054119838291,-0.33617704935960924,0.4181484805746325
0.863696781823019,-0.36500581093794127,0.3436949977906242
0.8905929592851601,-0.3576531952718088,0.2818638978789811
0.9038120113238385,-0.35162930031973977,0.213513465976803
0.9250339948269096,-0.39491020013645095,0.150275753777783
0.9352470438081065,-0.3583773162544349,0.10951533274820431
0.9322187791696649,-0.36127060213841694,0.02742904488571981
0.9203434758496847,-0.3706840902676444,-0.014503081111361473
0.932483054815428,-0.3563334184105763,-0.11119394072873837
0.8947355507829704,-0.374608655538411,-0.14692263722995966
0.9117493149080266,-0.355581163950747,-0.22787455558257558
0.8957592753826114,-0.35716418342846423,-0.294384669006659
0.8895890399582552,-0.375605965696994,-0.35952915573963795
0.8372621655154573,-0.3496284140231723,-0.4051199824751868
0.836057890706288,-0.32355546758606374,-0.4323435500919521
0.7897847251157681,-0.33092398026555336,-0.5204822719265018
0.7569759065058683,-0.3208284754319683,-0.577192040827757
0.7214370308172484,-0.2936666928889674,-0.6281941393030855
0.6897447650782027,-0.280752729968108,-0.6771827826968047
0.6558872415384142,-0.2437285489465412,-0.7040420017773843
0.6108689511754248,-0.2410912676809354,-0.7508428723596261
0.5496917219116224,-0.23143914726958534,-0.8026788550605817
0.49749568640622105,-0.19260930982261948,-0.8374017483127812
0.4325264677016807,-0.18105418343082133,-0.871859645889802
0.3976408005186081,-0.18989042906130965,-0.9134061235562453
0.3325621872664656,-0.14097424257561805,-0.9407014425382942
0.30019791233555854,-0.11702039655858422,-0.9418724112063525
0.23886259052093556,-0.08284187258736515,-0.9381240246263145
0.15820844171615833,-0.08599604852627196,-0.9575037846636569
0.10710098499000374,-0.05283637473408654,-0.9887460582325894
0.06160220033372024,-0.008007302764103504,-0.9975609624576752
-0.01464628464142847,0.001293513619566692,-0.9896067399667796
-0.0013568211484362473,0.006350869803870081,1.0014514261262715
0.06493600606101234,-0.019406267962379747,0.9976005833092543
0.11527011444505715,-0.02932483116148352,0.9890732778004082
0.19457444315232775,-0.048254064099297354,0.9716725692560444
0.25059419493494334,-0.06257701026591043,0.9701862699359143
0.30131509600143114,-0.07875431400335288,0.9637651824189953
0.34553750799707816,-0.0997864506112493,0.9274796962725196
0.4261840994507814,-0.10495183698433493,0.8992216412728934
0.4789749902683094,-0.12359632773848583,0.8746443946075058
0.5308689985871843,-0.1392058967727173,0.8311053476615872
0.5828961401240282,-0.14062372220831984,0.8162727873136589
0.6112412758770969,-0.17292582495249129,0.7590771293239278
0.6705990910181203,-0.17205255782488194,0.717021362497065
0.7062304080235163,-0.18747860982591927,0.6631522505383411
0.7519336734129886,-0.19282002567316764,0.610091425502705
0.8152162902818035,-0.21511872653549857,0.5699740728387546
0.8221450327413881,-0.23423492914713231,0.4870289168047137
0.8671415193400573,-0.21599700466496755,0.4555961440996118
0.8975552804878271,-0.22273221317013747,0.42356324423965613
0.9163488521446322,-0.24490169422330213,0.346467621204696
0.9156414463340694,-0.23761214540991485,0.27719239517383853
0.9467305934914851,-0.2597575011287444,0.21507722973024473
0.9497789990728651,-0.23034589994395369,0.15300805902116615
0.9723859386431991,-0.2601789007183276,0.095022112328124
0.9790919444262066,-0.2502767570037026,0.0325078469287909
0.9672406242982301,-0.2537693142217739,-0.02728589044652547
0.9519437356847815,-0.246825951991018,-0.10249889012371179
0.9584081843692442,-0.25881911133799335,-0.15450932388506491
0.9478217502528248,-0.2702961365621024,-0.2191221515968973
0.9118386054215744,-0.2579773121000126,-0.2804895448725313
0.9086440752727183,-0.24598079724010705,-0.35726274845749734
0.892406198463597,-0.2389851248483617,-0.39137724460049916
0.855169559246599,-0.22485641739237153,-0.45973458286094954
0.8458461127000189,-0.2111211941049289,-0.5254017192954092
0.7809751790680945,-0.20975039522053154,-0.575560796576424
0.7553075134652157,-0.22080910868434037,-0.627514060952659
0.7189549961964931,-0.1875867235020145,-0.6781157072935753
0.6661794284485097,-0.17972982984520733,-0.7045369385209039
0.6404930842722928,-0.15178833737698633,-0.7670204298919048
0.5586715322838921,-0.15257377720712964,-0.817402924683391
0.5119228364648604,-0.13218377873501805,-0.8249050448415405
0.4673633533452513,-0.11296850180299482,-0.8749829333304727
0.42307439266717733,-0.10894915982570254,-0.8792000996802307
0.35184558825486995,-0.09781707395742276,-0.9182915464714106
0.30646621966306015,-0.0703592703954239,-0.9245269334692402
0.24415912544537607,-0.06947420021175975,-0.9697725392707767
0.17377898407046719,-0.058327112479056545,-0.9819240250442393
0.10898063339893822,-0.031548508264041354,-0.983192048307304
0.06046897682948572,-0.019512776035809296,-0.9971183024145406
-0.007932650433676998,0.0023634788074178886,-1.0134370119536447
-0.013224475761068706,-0.012667048039095416,1.0183334019440147
0.06289478730991312,0.004374652439956767,0.998432289085715
0.12798191032668108,-0.02454638985844999,0.9757553053456255
0.1920037283199568,-0.019081674211811794,0.9743404236571486
0.24535605106287595,-0.017072743224483322,0.9646196091228504
0.3165315113070902,-0.03704597210245089,0.9473218380786464
0.35996669627350125,-0.036242542601372725,0.934172674605648
0.4333787055885445,-0.04395315876919648,0.8862617796531947
0.4949880833754584,-0.04957211356477102,0.8676117743248983
0.543660781249169,-0.05714430885812326,0.837914481106779
0.5879076086816991,-0.08953692134754948,0.7875971022321379
0.6469616024218304,-0.07842505457006742,0.7685011280874645
0.6695333265104498,-0.0796296434865332,0.7231961961138254
0.7280269117580583,-0.07699083159634279,0.6877313051150387
0.7796014529275889,-0.10183302370656927,0.6269331359230274
0.8140121675992766,-0.0964391383112926,0.5787533482544899
0.8361237751946182,-0.11715977898364069,0.5216051877107233
0.8927326405545628,-0.10666150704998877,0.455853371946644
0.9273462148548802,-0.12147860204491161,0.4059630962498671
0.9338153730051536,-0.11753435760225167,0.3353525916047704
0.9562522847691743,-0.1275851287034035,0.28855361564815196
0.9700776900588132,-0.13531471417338517,0.23176164860225248
0.9796186027046174,-0.12153700126336218,0.15690757220219403
1.0060608135893476,-0.12319090293141333,0.09845450159505786
0.9761360859478618,-0.13362347148344345,0.0005806188764429718
0.9908755760638259,-0.12004939258769805,-0.03498783536232316
0.9831425790344803,-0.12377500529733641,-0.08465693980324376
0.9799836829193888,-0.11909963393246387,-0.1686499082783861
0.9683159914618732,-0.1372701260640583,-0.23446210929068229
0.9581160233614162,-0.12024414241978225,-0.2931649028336343
0.9275502376263904,-0.11737467241033896,-0.34490115896693185
0.9031846335136045,-0.11550875831661228,-0.4231002680047131
0.8791631247212828,-0.11999173796798626,-0.46168493373819575
0.8507559763139421,-0.09348459379890436,-0.5251423067222596
0.8041330010352129,-0.09208662954909105,-0.5668740718407417
0.7697840266645959,-0.10857384161393217,-0.6174354552158453
0.7340560521972536,-0.10510211391594881,-0.6667507219955743
0.6887890057795102,-0.07777130491183133,-0.7190069925742668
0.6494574209691418,-0.08871779382983351,-0.7548422771193875
0.5877533619931801,-0.07911005723843914,-0.7908051928967083
0.532552358804604,-0.06424926154620128,-0.8360672083095891
0.4929678073279624,-0.054927760614082895,-0.8826490393794159
0.4390862507148395,-0.04302087777792078,-0.8997509567694632
0.3698553105006455,-0.04670563886607213,-0.9157958940676799
0.31316545680950714,-0.05991232857436134,-0.9455886234639815
0.24601602802306105,-0.028184159125863046,-0.9697598493184785
0.20689180369816482,-0.00953795966533344,-0.9769300664309352
0.11094386397217279,-0.0006913224647464161,-1.0057206489609702
0.07108804892685246,-0.027692060803478524,-0.9935404085387265
-0.022340057254158344,-0.002255439865246642,-0.9879556915321915
-0.007930790183480408,0.009966329191425016,0.9977362626632593
0.06888139353979127,0.010296112112262468,1.0012632652280478
0.1329456478148855,0.0001575102793699982,0.9939183858699068
0.2045485977218547,-0.007851660688493372,0.9905514068454662
0.25740957940076525,-0.00545325632035161,0.9702939503944117
0.31718047702856317,-0.00494828966383927,0.9366115997071494
0.3776909695989244,-0.01170210300399723,0.9335598557645799
0.42304069713722964,0.01194654265072678,0.9120065268751687
0.4953805695132997,-0.009375137437178948,0.8785810550249066
0.532994906913767,0.0025002817227240933,0.8395456428971471
0.6034170072268966,0.0009995597763403506,0.8087959300059937
0.6590658061438123,-0.009982146558866199,0.7756994810667589
0.6968692779071817,0.0032613363483964247,0.7107998893527272
0.7561642026072102,0.006754392387027301,0.6810819574001061
0.7935758213839699,-0.01124533113359647,0.6161776579398264
0.7924393912332219,0.006526107289556122,0.5708802303609821
0.8598225064287366,0.011571883425462452,0.5154972280279504
0.9060979363706974,-0.0075094764228114935,0.45486300356780124
0.906934386835142,0.006918442439697094,0.3931137470224962
0.9578170332282284,-0.008454224522386982,0.3674660741922559
0.9421916191570779,0.006721832344743574,0.2893153995990179
0.9812427486330023,-0.010006308901325285,0.21506570055735003
0.9838680184824746,0.004477045092534156,0.16690228913258087
1.0108167856093597,-4.019859456154596e-05,0.09720966411873241
1.0045717690303089,-0.0077015812198211525,0.01690758617645484
1.0134814941448431,-0.005431321442085486,-0.017478975108275903
1.0047071749896677,-0.007246266081711395,-0.10548569166157457
0.9690752289077912,-0.01328491855894177,-0.18799249960966927
0.979133791116615,-0.007104164394280008,-0.2183143161950469
0.9589435142544076,-0.0010718171860887226,-0.27591245310491225
0.9372729880937708,-0.004655399634261979,-0.340245607712047
0.8937719837687,0.009982235049057129,-0.39506990631542416
0.8806958382341086,-0.0007714667286066304,-0.47628997089465763
0.8303177797938165,-0.012502811470753716,-0.5170506049685555
0.8026733631010401,0.004239862762410263,-0.5726113235120803
0.78477573894817,0.017381544557833403,-0.6075863017512224
0.7376064591581475,-0.008572291304093357,-0.6908608990503934
0.6940778441055034,-0.008255613644240958,-0.7353428090882387
0.6518663658124694,-0.016779987660747443,-0.769309195656166
0.5904969135128334,-0.00017875813380849326,-0.8147978261031563
0.5581418330709764,0.0032608245711941777,-0.8378687823872993
0.48042682276050436,-0.004273210558920661,-0.8787743485007665
0.43979618017106437,0.007174562451656854,-0.8962716706621308
0.38147429185289844,-0.004326396485141252,-0.9229716933701141
0.3078918597146521,0.0010478510322098947,-0.9633641545665098
0.2562112324574494,-0.00833570449004706,-0.9688906680234906
0.20492579923393014,-0.007881756955000294,-0.9893264100838665
0.13073037218555583,-0.01142637793416138,-1.0041658206325672
0.06727265560936597,-0.0027495659770208777,-0.9812007153499982
-0.0072322398310828585,-0.005481185405452896,-0.999450992758511
